id,create_at,update_at,name,owner,language,stars,watchers,forks,size
28457823,2014-12-24T17:49:19Z,2019-01-03T11:48:57Z,freeCodeCamp,freeCodeCamp,JavaScript,296781,296781,20703,103560
2126244,2011-07-29T21:19:00Z,2019-01-03T11:50:42Z,bootstrap,twbs,CSS,129762,129762,63732,133004
11730342,2013-07-29T03:24:51Z,2019-01-03T12:08:07Z,vue,vuejs,JavaScript,123782,123782,17706,25656
10270250,2013-05-24T16:15:54Z,2019-01-03T12:09:57Z,react,facebook,JavaScript,118873,118873,21568,139955
45717250,2015-11-07T01:19:20Z,2019-01-03T11:48:56Z,tensorflow,tensorflow,C++,117813,117813,71043,293762
13491895,2013-10-11T06:50:37Z,2019-01-03T12:01:42Z,free-programming-books,EbookFoundation,,115633,115633,29138,4870
21737465,2014-07-11T13:42:37Z,2019-01-03T12:04:16Z,awesome,sindresorhus,,99040,99040,13168,651
14440270,2013-11-16T02:37:24Z,2019-01-03T11:47:18Z,You-Dont-Know-JS,getify,,93938,93938,18182,7285
291137,2009-08-28T18:15:37Z,2019-01-03T11:43:48Z,oh-my-zsh,robbyrussell,Shell,81437,81437,15901,5195
943149,2010-09-27T17:22:42Z,2019-01-03T12:04:23Z,d3,d3,JavaScript,81370,81370,20208,35965
6498492,2012-11-01T23:13:50Z,2019-01-03T11:09:13Z,javascript,airbnb,JavaScript,80126,80126,15309,2881
1062897,2010-11-08T20:17:14Z,2019-01-03T10:51:04Z,gitignore,github,,77114,77114,36763,1864
60493101,2016-06-06T02:34:12Z,2019-01-03T10:40:37Z,coding-interview-university,jwasham,,72806,72806,21242,9293
29028775,2015-01-09T18:10:16Z,2019-01-03T11:45:02Z,react-native,facebook,JavaScript,72454,72454,16197,291822
9384267,2013-04-12T01:47:36Z,2019-01-03T11:50:30Z,electron,electron,C++,68290,68290,8887,48214
2325298,2011-09-04T22:48:12Z,2019-01-03T12:05:03Z,linux,torvalds,C,67566,67566,24452,2356490
41881900,2015-09-03T20:23:38Z,2019-01-03T12:06:31Z,vscode,Microsoft,TypeScript,66632,66632,8938,177239
85077558,2017-03-15T13:45:52Z,2019-01-03T12:05:39Z,developer-roadmap,kamranahmedse,,64172,64172,10155,10997
63537249,2016-07-17T14:55:11Z,2019-01-03T12:09:10Z,create-react-app,facebook,JavaScript,61412,61412,13426,8302
21289110,2014-06-27T21:00:06Z,2019-01-03T11:39:24Z,awesome-python,vinta,Python,59451,59451,11547,3761
460078,2010-01-06T00:34:37Z,2019-01-03T09:53:17Z,angular.js,angular,JavaScript,59333,59333,29002,100031
3470471,2012-02-17T14:19:43Z,2019-01-03T10:19:49Z,Font-Awesome,FortAwesome,JavaScript,58331,58331,9917,78098
27193779,2014-11-26T19:57:11Z,2019-01-03T11:33:36Z,node,nodejs,JavaScript,56908,56908,12589,444590
2561582,2011-10-12T10:07:38Z,2019-01-03T11:55:40Z,animate.css,daneden,CSS,56516,56516,12059,726
83222441,2017-02-26T16:15:28Z,2019-01-03T10:55:33Z,system-design-primer,donnemartin,Python,54246,54246,7742,4232
23088740,2014-08-18T22:30:27Z,2019-01-03T11:23:28Z,axios,axios,JavaScript,53144,53144,4080,2808
7691631,2013-01-18T18:10:57Z,2019-01-03T10:25:47Z,moby,moby,Go,51707,51707,15038,140668
23096959,2014-08-19T04:33:40Z,2019-01-03T12:09:46Z,go,golang,Go,51381,51381,7083,193207
167174,2009-04-03T15:20:14Z,2019-01-03T09:30:10Z,jquery,jquery,JavaScript,50692,50692,17571,28106
31792824,2015-03-06T22:54:58Z,2019-01-03T12:10:59Z,flutter,flutter,Dart,48548,48548,4986,50563
1863329,2011-06-08T03:06:08Z,2019-01-03T11:33:21Z,laravel,laravel,PHP,48194,48194,14975,9452
576201,2010-03-23T18:58:01Z,2019-01-03T11:43:54Z,three.js,mrdoob,JavaScript,47709,47709,17988,706175
3228505,2012-01-20T18:18:21Z,2019-01-03T11:33:32Z,atom,atom,JavaScript,47455,47455,10641,304778
51117837,2016-02-05T01:15:20Z,2019-01-03T11:46:57Z,models,tensorflow,Python,46640,46640,28420,576652
20580498,2014-06-06T22:56:04Z,2019-01-03T11:56:55Z,kubernetes,kubernetes,Go,46325,46325,16123,820561
44838949,2015-10-23T21:15:07Z,2019-01-03T12:04:54Z,swift,apple,C++,46212,46212,7336,376021
3678731,2012-03-10T10:08:14Z,2019-01-03T12:02:45Z,webpack,webpack,JavaScript,46179,46179,5854,20109
36535156,2015-05-29T23:53:15Z,2019-01-03T11:14:47Z,redux,reduxjs,JavaScript,46050,46050,11711,7735
54346799,2016-03-20T23:49:42Z,2019-01-03T11:47:36Z,public-apis,toddmotto,Python,45860,45860,4750,2511
1039520,2010-10-31T14:35:07Z,2019-01-03T11:34:43Z,youtube-dl,rg3,Python,45496,45496,7934,53747
121395510,2018-02-13T14:56:24Z,2019-01-03T12:02:18Z,CS-Notes,CyC2018,,45428,45428,13944,81831
557980,2010-03-11T18:24:48Z,2019-01-03T09:58:26Z,socket.io,socketio,JavaScript,44767,44767,8297,12282
9309093,2013-04-08T23:32:04Z,2019-01-03T12:06:34Z,Semantic-UI,Semantic-Org,JavaScript,44035,44035,4707,111123
1861458,2011-06-07T18:54:22Z,2019-01-03T11:04:02Z,reveal.js,hakimel,JavaScript,43960,43960,12746,8707
24195339,2014-09-18T16:12:01Z,2019-01-03T11:59:20Z,angular,angular,TypeScript,43959,43959,11353,96901
14098069,2013-11-04T01:59:19Z,2019-01-03T12:08:14Z,free-programming-books-zh_CN,justjavac,JavaScript,43760,43760,14751,1004
90796663,2017-05-09T22:16:13Z,2019-01-03T12:06:44Z,puppeteer,GoogleChrome,JavaScript,43407,43407,3735,4647
23083156,2014-08-18T19:11:54Z,2019-01-03T09:54:00Z,material-ui,mui-org,JavaScript,43213,43213,8661,54653
22790488,2014-08-09T16:45:18Z,2019-01-03T12:01:49Z,java-design-patterns,iluwatar,Java,43161,43161,14033,18696
20929025,2014-06-17T15:28:39Z,2019-01-03T12:08:34Z,TypeScript,Microsoft,TypeScript,43114,43114,6138,944287
486550,2010-01-24T18:03:24Z,2019-01-03T06:56:53Z,html5-boilerplate,h5bp,JavaScript,41914,41914,9958,13816
8514,2008-04-11T02:19:47Z,2019-01-03T10:30:13Z,rails,rails,Ruby,41745,41745,16895,177263
126577260,2018-03-24T07:47:04Z,2019-01-03T12:02:08Z,javascript-algorithms,trekhleb,JavaScript,41736,41736,5555,2383
237159,2009-06-26T18:56:01Z,2019-01-03T09:27:36Z,express,expressjs,JavaScript,41712,41712,7197,8748
8843683,2013-03-17T23:56:36Z,2019-01-03T11:15:49Z,Chart.js,chartjs,JavaScript,41109,41109,9263,11012
132750724,2018-05-09T12:03:18Z,2019-01-03T11:49:53Z,build-your-own-x,danistefanovic,,41070,41070,2660,838
44571718,2015-10-20T00:16:14Z,2019-01-03T12:09:36Z,awesome-vue,vuejs,,41020,41020,5673,3425
596892,2010-04-06T11:11:59Z,2019-01-03T11:58:02Z,flask,pallets,Python,41008,41008,11800,6407
3214406,2012-01-19T01:58:17Z,2019-01-03T11:15:44Z,meteor,meteor,JavaScript,40669,40669,5026,77082
34526884,2015-04-24T15:37:24Z,2019-01-03T12:06:12Z,ant-design,ant-design,TypeScript,40497,40497,13413,328098
1424470,2011-03-01T02:46:06Z,2019-01-03T11:43:33Z,moment,moment,JavaScript,39724,39724,5967,17354
33614304,2015-04-08T15:08:04Z,2019-01-03T11:57:27Z,thefuck,nvbn,Python,39629,39629,1972,2669
1380117,2011-02-17T22:12:29Z,2019-01-03T11:41:40Z,lantern,getlantern,Go,39478,39478,8840,1151791
1334369,2011-02-06T13:39:55Z,2019-01-03T11:22:48Z,resume.github.com,resume,JavaScript,38928,38928,1025,411
3544424,2012-02-25T12:39:13Z,2019-01-03T09:28:48Z,httpie,jakubroztocil,Python,38860,38860,2575,4399
21540759,2014-07-06T13:42:15Z,2019-01-03T11:13:30Z,awesome-go,avelino,Go,38635,38635,5022,5177
4164482,2012-04-28T02:47:18Z,2019-01-03T12:09:32Z,django,django,Python,38613,38613,16669,184733
3402537,2012-02-09T23:34:10Z,2019-01-03T11:58:06Z,Front-end-Developer-Interview-Questions,h5bp,HTML,38606,38606,7925,1661
35955666,2015-05-20T15:11:03Z,2019-01-03T11:45:57Z,the-art-of-command-line,jlevy,,37983,37983,3779,2533
21872392,2014-07-15T19:11:19Z,2019-01-03T11:47:40Z,awesome-machine-learning,josephmisiti,Python,37336,37336,9220,1566
507775,2010-02-08T13:20:56Z,2019-01-03T11:56:03Z,elasticsearch,elastic,Java,37296,37296,12545,549158
14747598,2013-11-27T13:21:13Z,2019-01-03T12:08:21Z,json-server,typicode,JavaScript,37065,37065,3198,1745
7508411,2013-01-08T20:11:48Z,2019-01-03T11:36:27Z,RxJava,ReactiveX,Java,37047,37047,6330,73359
33015583,2015-03-28T00:35:42Z,2019-01-03T11:55:27Z,keras,keras-team,Python,37023,37023,14127,12163
24953448,2014-10-08T18:01:28Z,2019-01-03T11:51:41Z,material-design-icons,google,CSS,36825,36825,7440,47085
19415064,2014-05-04T00:18:39Z,2019-01-03T12:04:07Z,computer-science,ossu,,36701,36701,5243,836
1181927,2010-12-19T15:16:43Z,2019-01-03T12:05:49Z,bitcoin,bitcoin,C++,36594,36594,21828,116380
3955647,2012-04-07T04:11:46Z,2019-01-03T11:19:59Z,lodash,lodash,JavaScript,36590,36590,3791,44166
1362490,2011-02-13T18:38:17Z,2019-01-03T11:53:51Z,requests,requests,Python,36507,36507,6682,9935
65252,2008-10-20T06:29:03Z,2019-01-03T11:22:28Z,jekyll,jekyll,Ruby,36436,36436,7989,16181
12256376,2013-08-20T23:06:02Z,2019-01-03T11:16:44Z,ionic,ionic-team,HTML,36293,36293,12675,92425
101296881,2017-08-24T13:18:26Z,2019-01-03T08:37:32Z,every-programmer-should-know,mtdvio,,35887,35887,3241,157
211666,2009-05-27T16:29:46Z,2019-01-03T07:07:30Z,node-v0.x-archive,nodejs,,35672,35672,7861,144238
112507086,2017-11-29T17:35:03Z,2019-01-03T12:11:29Z,30-seconds-of-code,30-seconds,JavaScript,35497,35497,3747,15862
3100121,2012-01-04T06:21:10Z,2019-01-03T08:53:08Z,nw.js,nwjs,C++,34819,34819,3794,123761
23974149,2014-09-12T19:35:38Z,2019-01-03T10:59:47Z,materialize,Dogfalo,JavaScript,34762,34762,4698,163383
3638964,2012-03-06T14:58:02Z,2019-01-03T11:42:54Z,ansible,ansible,Python,34603,34603,13898,148997
4311796,2012-05-13T03:27:22Z,2019-01-03T10:57:56Z,markdown-here,adam-p,JavaScript,34401,34401,5823,16214
3065454,2011-12-28T22:23:19Z,2019-01-03T10:49:53Z,impress.js,impress,JavaScript,34348,34348,6789,4127
49970642,2016-01-19T17:39:16Z,2019-01-03T09:29:25Z,yarn,yarnpkg,JavaScript,34238,34238,2017,118735
19872456,2014-05-16T22:22:51Z,2019-01-03T11:25:10Z,react-router,ReactTraining,JavaScript,34193,34193,7103,12449
10744183,2013-06-17T18:39:10Z,2019-01-03T11:58:07Z,netdata,netdata,C,34184,34184,2951,28265
67274736,2016-09-03T06:19:26Z,2019-01-03T11:59:46Z,element,ElemeFE,Vue,33937,33937,6721,52203
156018,2009-03-21T22:32:25Z,2019-01-03T12:07:33Z,redis,antirez,C,33551,33551,12874,75698
33791743,2015-04-11T20:48:23Z,2019-01-03T11:30:09Z,x64dbg,x64dbg,C++,33522,33522,890,54113
1700621,2011-05-04T10:20:25Z,2019-01-03T07:29:51Z,normalize.css,necolas,CSS,33508,33508,6815,379
70107786,2016-10-05T23:32:51Z,2019-01-03T11:50:40Z,next.js,zeit,JavaScript,33087,33087,3596,8606
28428729,2014-12-24T01:45:03Z,2019-01-03T08:56:26Z,awesome-android-ui,wasabeef,,33074,33074,8709,775832
724712,2010-06-16T20:39:03Z,2019-01-03T11:52:54Z,rust,rust-lang,Rust,32870,32870,5435,412185
15204860,2013-12-15T14:31:41Z,2019-01-03T11:17:19Z,papers-we-love,papers-we-love,,32774,32774,3097,204703
107111421,2017-10-16T10:12:36Z,2019-01-03T11:04:01Z,Front-End-Checklist,thedaviddias,JavaScript,32756,32756,3102,4667
6296790,2012-10-19T15:02:57Z,2019-01-03T10:59:12Z,spring-boot,spring-projects,Java,32701,32701,22227,85030
843222,2010-08-17T09:43:38Z,2019-01-03T12:08:29Z,scikit-learn,scikit-learn,Python,32608,32608,16061,98307
54173593,2016-03-18T04:23:44Z,2019-01-03T11:49:38Z,storybook,storybooks,JavaScript,32493,32493,2422,131785
46629305,2015-11-21T19:05:09Z,2019-01-03T10:35:39Z,hacker-scripts,NARKOZ,JavaScript,32446,32446,5688,84
50264296,2016-01-23T23:48:34Z,2019-01-03T10:57:21Z,bulma,jgthms,CSS,32056,32056,2526,73819
9185792,2013-04-03T03:18:59Z,2019-01-03T10:28:53Z,incubator-echarts,apache,JavaScript,31922,31922,9289,152293
612230,2010-04-15T17:47:47Z,2019-01-03T12:06:03Z,nvm,creationix,Shell,31863,31863,3030,2334
1828795,2011-05-31T21:28:44Z,2019-01-03T03:40:18Z,AFNetworking,AFNetworking,Objective-C,31844,31844,9710,5612
7600409,2013-01-14T07:54:16Z,2019-01-03T12:04:00Z,shadowsocks-windows,shadowsocks,C#,31464,31464,11257,9464
11180687,2013-07-04T15:26:26Z,2019-01-03T12:09:41Z,hugo,gohugoio,Go,31447,31447,3628,64724
81975372,2017-02-14T18:19:25Z,2019-01-03T11:50:10Z,interviews,kdn251,Java,31414,31414,6138,20842
24560307,2014-09-28T13:38:23Z,2019-01-03T12:07:46Z,babel,babel,JavaScript,31265,31265,3226,37328
23357588,2014-08-26T15:52:15Z,2019-01-03T11:33:17Z,protobuf,protocolbuffers,C++,31210,31210,8602,50904
29268051,2015-01-14T22:01:33Z,2019-01-03T11:34:48Z,material-design-lite,google,HTML,30927,30927,5314,56807
40416236,2015-08-08T20:57:20Z,2019-01-03T11:41:18Z,big-list-of-naughty-strings,minimaxir,Python,30919,30919,1304,229
69629434,2016-09-30T03:13:43Z,2019-01-03T10:13:40Z,freecodecamp.cn,FreeCodeCampChina,CSS,30892,30892,1146,30794
892275,2010-09-06T21:39:43Z,2019-01-03T11:04:44Z,retrofit,square,Java,30869,30869,5823,4872
51148780,2016-02-05T13:42:07Z,2019-01-03T11:40:35Z,android-architecture,googlesamples,,30844,30844,8699,8199
529502,2010-02-22T02:01:14Z,2019-01-03T09:16:18Z,scrapy,scrapy,Python,30775,30775,7405,16585
11167738,2013-07-04T05:26:06Z,2019-01-03T12:03:19Z,gulp,gulpjs,JavaScript,30763,30763,4443,1023
5108051,2012-07-19T09:40:17Z,2019-01-03T11:17:33Z,opencv,opencv,C++,30712,30712,21956,465111
5152285,2012-07-23T13:42:55Z,2019-01-03T12:09:18Z,okhttp,square,Java,30337,30337,6847,18496
26898879,2014-11-20T06:20:50Z,2019-01-03T09:47:16Z,awesome-public-datasets,awesomedata,,29925,29925,4985,692
22458259,2014-07-31T05:56:19Z,2019-01-03T12:04:45Z,Alamofire,Alamofire,Swift,29842,29842,5317,7845
26500787,2014-11-11T19:32:38Z,2019-01-03T10:43:01Z,FiraCode,tonsky,Clojure,29791,29791,920,37738
36040894,2015-05-21T22:43:05Z,2019-01-03T11:47:50Z,gatsby,gatsbyjs,JavaScript,29593,29593,3867,548609
1129010,2010-12-01T15:35:32Z,2019-01-03T11:08:07Z,jQuery-File-Upload,blueimp,JavaScript,29589,29589,7911,3399
16408992,2014-01-31T13:39:22Z,2019-01-03T12:01:47Z,neovim,neovim,Vim script,29565,29565,2159,78117
2935735,2011-12-07T21:14:40Z,2019-01-03T11:41:49Z,brackets,adobe,JavaScript,29490,29490,6388,92082
75104123,2016-11-29T17:13:37Z,2019-01-03T10:22:26Z,prettier,prettier,JavaScript,29431,29431,1519,27797
22670857,2014-08-06T05:31:44Z,2019-01-03T12:03:51Z,awesome-react,enaqx,,29237,29237,3368,2184
21700699,2014-07-10T16:03:45Z,2019-01-03T11:03:46Z,awesome-ios,vsouza,Swift,29194,29194,4861,8435
20300177,2014-05-29T16:23:17Z,2019-01-03T10:59:29Z,guava,google,Java,29087,29087,6600,234539
99598595,2017-08-07T16:36:47Z,2019-01-03T11:44:40Z,parcel,parcel-bundler,JavaScript,28876,28876,1281,4078
22119721,2014-07-22T20:35:09Z,2019-01-03T11:19:01Z,git-flight-rules,k88hudson,,28802,28802,1906,569
133442384,2018-05-15T01:34:26Z,2019-01-03T11:41:26Z,deno,denoland,TypeScript,28777,28777,1383,5748
16752620,2014-02-12T01:57:08Z,2019-01-03T11:38:38Z,gogs,gogs,Go,28708,28708,3321,156944
18408635,2014-04-03T15:45:02Z,2019-01-03T09:27:03Z,Apollo-11,chrislgarry,Assembly,28636,28636,3677,2135
9852918,2013-05-04T11:09:13Z,2019-01-03T09:47:23Z,Ghost,TryGhost,JavaScript,28350,28350,6145,29116
206084,2009-05-20T19:38:37Z,2019-01-02T14:53:17Z,legacy-homebrew,Homebrew,Ruby,28257,28257,12749,1432774
36633370,2015-06-01T02:33:17Z,2019-01-03T12:09:26Z,awesome-selfhosted,Kickball,JavaScript,28146,28146,2295,4763
4086616,2012-04-20T13:10:49Z,2019-01-03T12:04:12Z,shadowsocks,shadowsocks,Python,28112,28112,17291,891
45986162,2015-11-11T14:21:19Z,2019-01-03T10:39:47Z,TensorFlow-Examples,aymericdamien,Jupyter Notebook,27991,27991,10575,5732
15653276,2014-01-05T15:20:15Z,2019-01-03T09:25:00Z,android-open-project,Trinea,,27897,27897,12042,2144
2573058,2011-10-13T23:05:42Z,2019-01-03T05:25:46Z,foundation-sites,zurb,HTML,27886,27886,5820,114100
21737266,2014-07-11T13:35:34Z,2019-01-03T12:07:57Z,awesome-nodejs,sindresorhus,,27807,27807,3430,1351
10187082,2013-05-21T03:25:25Z,2019-01-03T11:04:45Z,pm2,Unitech,JavaScript,27572,27572,1907,11809
128398636,2018-04-06T13:30:58Z,2019-01-03T11:50:00Z,architect-awesome,xingshaocheng,,27524,27524,7991,382
55076063,2016-03-30T15:47:10Z,2019-01-03T10:29:14Z,Awesome-Hacking,Hack-with-Github,,27370,27370,4312,152
952189,2010-09-30T19:41:28Z,2019-01-02T17:41:50Z,backbone,jashkenas,JavaScript,27361,27361,5737,26612
34302698,2015-04-21T03:48:40Z,2019-01-03T11:41:18Z,serverless,serverless,JavaScript,27286,27286,2990,80328
5271882,2012-08-02T11:49:35Z,2019-01-03T11:57:04Z,build-web-application-with-golang,astaxie,Go,27159,27159,7700,48047
7569578,2013-01-12T00:25:55Z,2019-01-03T12:01:01Z,discourse,discourse,Ruby,27061,27061,6307,245666
26689598,2014-11-15T18:36:49Z,2019-01-03T11:09:22Z,awesome-courses,prakhar1989,,27037,27037,5560,1152
11177928,2013-07-04T13:37:27Z,2019-01-03T11:33:46Z,Projects,karan,,26842,26842,8750,10204
62367558,2016-07-01T06:01:21Z,2019-01-03T10:49:29Z,hyper,zeit,JavaScript,26829,26829,2179,6047
12791642,2013-09-12T18:39:48Z,2019-01-03T11:22:19Z,caffe,BVLC,C++,26702,26702,16211,71801
18708860,2014-04-12T16:38:42Z,2019-01-03T05:44:25Z,github-cheat-sheet,tiimgreen,,26611,26611,4049,716
1200050,2010-12-27T08:18:58Z,2019-01-03T11:49:38Z,phantomjs,ariya,HTML,26399,26399,5619,165216
15428480,2013-12-25T02:52:40Z,2019-01-03T10:56:56Z,AdminLTE,almasaeed2010,HTML,26280,26280,10144,57823
21413198,2014-07-02T06:02:29Z,2019-01-03T10:40:54Z,immutable-js,facebook,JavaScript,26079,26079,1533,21861
29290473,2015-01-15T09:35:51Z,2019-01-03T08:59:21Z,XX-Net,XX-net,Python,26070,26070,7277,38940
15111821,2013-12-11T15:59:56Z,2019-01-03T12:09:40Z,grafana,grafana,TypeScript,25901,25901,4775,194218
3432266,2012-02-13T17:29:58Z,2019-01-03T10:51:16Z,kotlin,JetBrains,Kotlin,25850,25850,2985,519827
1148753,2010-12-08T04:04:45Z,2019-01-03T11:20:31Z,spring-framework,spring-projects,Java,25718,25718,16425,117765
17375436,2014-03-03T18:29:30Z,2019-01-03T10:09:06Z,es6features,lukehoban,,25703,25703,2481,199
120538304,2018-02-06T23:54:00Z,2019-01-03T11:57:08Z,nocode,kelseyhightower,Dockerfile,25650,25650,2206,5
12820537,2013-09-13T22:15:24Z,2019-01-03T10:47:54Z,slate,lord,JavaScript,25608,25608,15385,1179
12972263,2013-09-20T11:58:29Z,2019-01-03T10:34:34Z,fullPage.js,alvarotrigo,JavaScript,25597,25597,6253,13586
36502,2008-07-23T14:21:26Z,2019-01-03T12:04:29Z,git,git,C,25579,25579,14793,110346
19148949,2014-04-25T14:29:47Z,2019-01-03T10:06:14Z,MPAndroidChart,PhilJay,Java,25496,25496,6784,21185
14370955,2013-11-13T17:24:12Z,2019-01-03T08:49:00Z,hackathon-starter,sahat,CSS,25406,25406,5018,11394
10865436,2013-06-22T13:23:55Z,2019-01-03T06:14:11Z,frontend-dev-bookmarks,dypsilon,,25238,25238,4193,1048
53809090,2016-03-13T21:37:45Z,2019-01-03T09:52:48Z,anime,juliangarnier,JavaScript,25115,25115,1884,10421
698041,2010-06-01T21:01:30Z,2019-01-02T20:44:10Z,async,caolan,JavaScript,25089,25089,2277,5186
62607227,2016-07-05T05:00:48Z,2019-01-03T12:07:03Z,tech-interview-handbook,yangshun,JavaScript,24945,24945,3182,300
83999700,2017-03-05T20:25:17Z,2019-01-03T12:09:08Z,Best-websites-a-programmer-should-visit,sdmg15,,24929,24929,2760,911
88464704,2017-04-17T03:35:49Z,2019-01-03T11:53:08Z,vue-element-admin,PanJiaChen,Vue,24905,24905,7773,15494
1663468,2011-04-26T06:32:03Z,2019-01-03T12:00:28Z,pdf.js,mozilla,JavaScript,24861,24861,6031,82819
1844251,2011-06-03T19:56:33Z,2019-01-03T09:16:01Z,todomvc,tastejs,JavaScript,24780,24780,13261,64818
5923215,2012-09-23T15:17:08Z,2019-01-03T11:34:26Z,hexo,hexojs,JavaScript,24773,24773,3373,6142
56717493,2016-04-20T20:05:37Z,2019-01-03T11:41:07Z,HEAD,joshbuchea,,24701,24701,1734,332
42751014,2015-09-18T23:04:55Z,2019-01-03T11:38:48Z,clipboard.js,zenorocha,JavaScript,24655,24655,2773,1771
10788737,2013-06-19T10:24:45Z,2019-01-03T11:16:00Z,android_guides,codepath,,24568,24568,6024,1093
11267509,2013-07-08T22:52:33Z,2019-01-03T11:10:14Z,glide,bumptech,Java,24488,24488,4653,56913
11551538,2013-07-20T18:53:45Z,2019-01-03T10:00:33Z,koa,koajs,JavaScript,24469,24469,2216,1991
77189043,2016-12-23T01:49:20Z,2019-01-03T12:08:10Z,vue2-elm,bailicangdu,Vue,24441,24441,8224,29749
25315643,2014-10-16T18:29:12Z,2019-01-03T06:19:16Z,nylas-mail,nylas,JavaScript,24212,24212,1336,87026
27442967,2014-12-02T17:00:38Z,2019-01-03T11:50:59Z,fastlane,fastlane,Ruby,24147,24147,3689,64763
22362099,2014-07-29T00:07:51Z,2019-01-02T21:16:45Z,angular-styleguide,johnpapa,,24125,24125,4534,4140
349241,2009-10-25T18:31:06Z,2019-01-03T08:19:40Z,underscore,jashkenas,JavaScript,24048,24048,5355,4683
26516210,2014-11-12T02:52:20Z,2019-01-03T11:58:41Z,certbot,certbot,Python,23960,23960,2385,20525
47018239,2015-11-28T09:48:17Z,2019-01-03T12:09:46Z,awesome-interview-questions,MaximAbramchuck,,23918,23918,2941,222
70198875,2016-10-06T22:42:42Z,2019-01-03T10:04:06Z,lottie-android,airbnb,Java,23743,23743,3730,132078
4710920,2012-06-19T07:56:02Z,2019-01-03T09:42:25Z,incubator-dubbo,apache,Java,23720,23720,16035,14349
931135,2010-09-22T16:57:44Z,2019-01-03T10:28:10Z,Leaflet,Leaflet,JavaScript,23650,23650,3925,48328
667006,2010-05-14T18:45:10Z,2019-01-03T11:58:19Z,video.js,videojs,JavaScript,23625,23625,5804,121007
9393759,2013-04-12T12:27:51Z,2019-01-03T11:43:56Z,phaser,photonstorm,JavaScript,23565,23565,5803,282135
147350463,2018-09-04T13:27:04Z,2019-01-03T11:56:07Z,33-js-concepts,leonardomso,JavaScript,23495,23495,2061,390
14712850,2013-11-26T09:48:21Z,2019-01-03T12:01:08Z,syncthing,syncthing,Go,23446,23446,1978,98240
22887094,2014-08-12T18:04:59Z,2019-01-03T11:33:28Z,tesseract,tesseract-ocr,C++,23409,23409,4598,42232
82227585,2017-02-16T21:24:39Z,2019-01-03T11:30:42Z,design-patterns-for-humans,kamranahmedse,,23400,23400,2173,149
65600975,2016-08-13T05:26:41Z,2019-01-03T12:11:22Z,pytorch,pytorch,C++,23392,23392,5549,98056
20904437,2014-06-16T23:57:25Z,2019-01-03T11:29:41Z,gin,gin-gonic,Go,23363,23363,2748,2139
63539055,2016-07-17T15:33:47Z,2019-01-03T11:49:13Z,awesome-mac,jaywcjlove,JavaScript,23292,23292,2803,3935
317757,2009-09-25T20:13:23Z,2019-01-03T06:41:18Z,Modernizr,Modernizr,JavaScript,23282,23282,3015,36186
21600440,2014-07-08T05:44:19Z,2019-01-03T11:12:09Z,awesome-awesomeness,bayandin,Ruby,23250,23250,2937,219
3620194,2012-03-04T18:43:12Z,2019-01-03T12:06:31Z,select2,select2,JavaScript,23154,23154,5432,9678
18049133,2014-03-24T02:10:05Z,2019-01-03T10:28:10Z,slick,kenwheeler,JavaScript,23064,23064,4520,3641
8575137,2013-03-05T08:18:59Z,2019-01-03T09:42:19Z,butterknife,JakeWharton,Java,22858,22858,4405,3783
63266213,2016-07-13T17:30:16Z,2019-01-03T09:56:47Z,og-aws,open-guides,Shell,22818,22818,1962,6601
14194174,2013-11-07T04:30:06Z,2019-01-03T11:59:24Z,what-happens-when,alex,,22627,22627,1578,249
32948863,2015-03-26T19:58:06Z,2019-01-03T11:19:41Z,awesome-react-native,jondot,JavaScript,22537,22537,2766,3594
15062869,2013-12-10T00:18:04Z,2019-01-03T11:07:15Z,jest,facebook,JavaScript,22534,22534,3024,131808
39464018,2015-07-21T18:55:34Z,2019-01-03T11:35:45Z,incubator-superset,apache,JavaScript,22500,22500,4098,97308
15452919,2013-12-26T13:05:46Z,2019-01-03T11:54:46Z,go-ethereum,ethereum,Go,22241,22241,7809,108952
32484381,2015-03-18T21:06:26Z,2019-01-03T11:02:34Z,free-for-dev,ripienaar,,22187,22187,2346,1306
11225014,2013-07-06T21:57:21Z,2019-01-03T12:06:17Z,etcd,etcd-io,Go,22159,22159,4411,47868
1631024,2011-04-18T15:07:41Z,2019-01-03T09:54:31Z,chosen,harvesthq,HTML,21943,21943,4200,3012
103633984,2017-09-15T08:33:19Z,2019-01-03T12:00:14Z,nodebestpractices,i0natan,JavaScript,21924,21924,1547,50986
75830968,2016-12-07T11:46:51Z,2019-01-03T12:03:32Z,deeplearningbook-chinese,exacity,TeX,21877,21877,6512,8541
6452529,2012-10-30T05:37:47Z,2019-01-03T11:34:41Z,rethinkdb-legacy,rethinkdb,C++,21731,21731,1710,272539
10446890,2013-06-03T04:12:04Z,2019-01-03T10:27:09Z,ijkplayer,Bilibili,C,21713,21713,5799,7987
81598961,2017-02-10T19:23:51Z,2019-01-03T09:42:25Z,cpython,python,Python,21694,21694,8141,265196
64558143,2016-07-30T18:18:32Z,2019-01-03T10:43:51Z,AndroidUtilCode,Blankj,Java,21678,21678,7118,32710
5483330,2012-08-20T15:53:36Z,2019-01-03T10:09:41Z,you-get,soimort,Python,21540,21540,4340,3010
26066727,2014-11-01T23:52:32Z,2019-01-03T10:23:16Z,mermaid,knsv,JavaScript,21533,21533,1236,31052
1283503,2011-01-23T01:25:14Z,2019-01-03T11:23:10Z,request,request,JavaScript,21499,21499,2544,2194
34824499,2015-04-29T23:54:16Z,2019-01-03T10:25:17Z,leakcanary,square,Java,21492,21492,3292,25179
2500088,2011-10-02T16:25:27Z,2019-01-03T11:43:15Z,gitlabhq,gitlabhq,Ruby,21484,21484,5530,536864
481366,2010-01-20T23:14:12Z,2019-01-03T11:11:56Z,gitflow,nvie,Shell,21464,21464,2265,5251
7741856,2013-01-21T22:40:50Z,2019-01-03T11:17:36Z,pixi.js,pixijs,JavaScript,21279,21279,3137,68156
65794292,2016-08-16T06:41:32Z,2019-01-03T12:05:53Z,styled-components,styled-components,JavaScript,21245,21245,1261,5730
42283287,2015-09-11T02:40:18Z,2019-01-03T11:21:00Z,preact,developit,JavaScript,21185,21185,1080,1596
6838921,2012-11-24T11:14:12Z,2019-01-03T12:07:21Z,prometheus,prometheus,Go,21174,21174,2893,46408
52631841,2016-02-26T20:49:53Z,2019-01-03T10:40:56Z,realworld,gothinkster,JavaScript,21161,21161,1385,2656
1903522,2011-06-16T01:52:25Z,2019-01-03T09:41:59Z,php-src,php,C,21152,21152,5169,336659
2562751,2011-10-12T14:07:27Z,2019-01-03T11:33:55Z,zxing,zxing,Java,21126,21126,7882,239640
25136308,2014-10-13T00:26:19Z,2019-01-03T12:02:31Z,fetch,github,JavaScript,21105,21105,1908,438
70905478,2016-10-14T11:49:48Z,2019-01-03T11:30:53Z,Deep-Learning-Papers-Reading-Roadmap,floodsung,Python,21104,21104,4697,3626
28167802,2014-12-18T04:09:54Z,2019-01-03T10:37:08Z,weui,Tencent,CSS,21045,21045,5527,6556
35866694,2015-05-19T07:36:09Z,2019-01-03T11:23:33Z,Rocket.Chat,RocketChat,JavaScript,21023,21023,4481,84684
5239185,2012-07-30T23:23:18Z,2019-01-03T10:43:44Z,quill,quilljs,JavaScript,21012,21012,1558,12985
30969188,2015-02-18T14:36:32Z,2019-01-03T10:23:29Z,react-boilerplate,react-boilerplate,JavaScript,20939,20939,4050,6056
313419,2009-09-21T17:39:19Z,2019-01-03T09:50:01Z,SDWebImage,SDWebImage,Objective-C,20907,20907,5325,10602
41058054,2015-08-19T20:22:52Z,2019-01-03T08:34:17Z,CppCoreGuidelines,isocpp,Python,20852,20852,2662,24709
70431106,2016-10-09T21:20:25Z,2019-01-03T12:00:08Z,machine-learning-for-software-engineers,ZuzooVn,,20769,20769,4585,527
36891867,2015-06-04T19:49:37Z,2019-01-03T11:47:02Z,angular-cli,angular,TypeScript,20673,20673,5508,17154
2329766,2011-09-05T18:07:54Z,2019-01-03T08:45:07Z,dotfiles,mathiasbynens,Shell,20619,20619,7470,826
15585444,2014-01-02T14:27:35Z,2019-01-03T10:50:27Z,Hover,IanLunn,CSS,20576,20576,4478,962
5532320,2012-08-23T20:56:30Z,2019-01-03T03:16:53Z,polymer,Polymer,HTML,20554,20554,1981,28078
74791366,2016-11-25T22:25:41Z,2019-01-03T11:33:57Z,clean-code-javascript,ryanmcdermott,JavaScript,20531,20531,2133,534
14098121,2013-11-04T02:02:53Z,2019-01-03T12:01:34Z,500lines,aosabook,JavaScript,20437,20437,4726,60078
14705691,2013-11-26T03:14:19Z,2019-01-03T08:42:23Z,awesome-php,ziadoz,,20432,20432,4003,1093
1801829,2011-05-25T23:39:40Z,2019-01-03T06:48:34Z,ember.js,emberjs,JavaScript,20355,20355,4079,50873
8681349,2013-03-10T06:00:31Z,2019-01-03T08:52:01Z,huginn,huginn,Ruby,20280,20280,2229,7552
42956467,2015-09-22T19:37:55Z,2019-01-03T08:43:41Z,awesome-macos-command-line,herrbischoff,,20214,20214,1127,491
12888993,2013-09-17T07:29:48Z,2019-01-03T10:58:32Z,home-assistant,home-assistant,Python,20211,20211,5818,96410
108252892,2017-10-25T10:07:27Z,2019-01-03T11:55:18Z,proxyee-down,proxyee-down-org,Java,20211,20211,3587,26839
68957920,2016-09-22T20:04:48Z,2019-01-03T08:49:32Z,awesome-wechat-weapp,justjavac,JavaScript,20183,20183,4332,595
17165658,2014-02-25T08:00:08Z,2019-01-03T11:41:27Z,spark,apache,Scala,20101,20101,17824,289727
3757512,2012-03-18T19:46:15Z,2019-01-03T10:40:30Z,sails,balderdashy,JavaScript,20067,20067,1834,11937
29891188,2015-01-27T01:23:31Z,2019-01-03T11:58:41Z,standard,standard,JavaScript,20049,20049,1511,2045
5070389,2012-07-16T16:55:40Z,2019-01-03T09:16:08Z,EventBus,greenrobot,Java,20039,20039,4207,1553
63476337,2016-07-16T09:44:01Z,2019-01-03T11:58:37Z,Python,TheAlgorithms,Python,20030,20030,5548,7303
32578467,2015-03-20T10:49:12Z,2019-01-03T10:50:29Z,Charts,danielgindi,Swift,20028,20028,3866,158391
7190986,2012-12-16T13:40:29Z,2019-01-03T10:38:37Z,shadowsocks-android,shadowsocks,Kotlin,20008,20008,8188,52564
13078968,2013-09-24T23:06:48Z,2019-01-03T12:04:02Z,postcss,postcss,JavaScript,19966,19966,1100,4455
18280236,2014-03-31T03:01:56Z,2019-01-03T10:52:09Z,gitbook,GitbookIO,JavaScript,19951,19951,2778,8623
15019962,2013-12-08T07:34:43Z,2019-01-03T11:09:10Z,tldr,tldr-pages,Python,19935,19935,1489,3961
29207621,2015-01-13T19:45:03Z,2019-01-03T11:51:52Z,caddy,mholt,Go,19847,19847,1547,10181
83844720,2017-03-03T21:52:39Z,2019-01-03T10:56:56Z,face_recognition,ageitgey,Python,19741,19741,5007,103811
23069399,2014-08-18T11:54:00Z,2019-01-03T07:34:49Z,bootstrap-material-design,FezVrasta,CSS,19700,19700,3305,42931
26783295,2014-11-17T23:56:08Z,2019-01-03T11:58:48Z,kong,Kong,Lua,19567,19567,2373,11174
13840241,2013-10-24T18:16:07Z,2019-01-03T10:44:48Z,devdocs,freeCodeCamp,Ruby,19553,19553,1266,18623
42408804,2015-09-13T19:04:02Z,2019-01-03T11:58:51Z,traefik,containous,Go,19541,19541,2010,33102
3122202,2012-01-07T00:31:41Z,2019-01-03T03:21:11Z,RxJS,Reactive-Extensions,JavaScript,19521,19521,2271,67978
3602123,2012-03-02T12:58:28Z,2019-01-03T07:43:00Z,hammer.js,hammerjs,JavaScript,19506,19506,2514,10192
9603240,2013-04-22T16:16:39Z,2019-01-03T08:15:18Z,pure,pure-css,HTML,19477,19477,2045,443
6093316,2012-10-05T16:39:45Z,2019-01-03T11:44:58Z,DefinitelyTyped,DefinitelyTyped,TypeScript,19476,19476,15942,398274
24635156,2014-09-30T11:12:48Z,2019-01-03T10:14:35Z,sweetalert,t4t5,TypeScript,19453,19453,2638,4291
308770,2009-09-16T12:15:12Z,2019-01-03T09:31:15Z,devise,plataformatec,Ruby,19451,19451,4579,5077
458058,2010-01-04T14:21:21Z,2019-01-03T10:11:27Z,symfony,symfony,PHP,19444,19444,6634,128426
18275356,2014-03-30T22:29:12Z,2019-01-03T09:58:51Z,pop,facebook,Objective-C++,19437,19437,2886,645
1644196,2011-04-21T07:01:50Z,2019-01-03T11:57:21Z,julia,JuliaLang,Julia,19413,19413,3123,164764
873328,2010-08-30T22:06:41Z,2019-01-03T09:22:24Z,sentry,getsentry,Python,19314,19314,2227,95558
32665718,2015-03-22T07:00:24Z,2019-01-03T09:27:36Z,upterm,railsware,TypeScript,19297,19297,620,7759
3606624,2012-03-02T22:11:24Z,2019-01-03T11:22:33Z,ReactiveCocoa,ReactiveCocoa,Swift,19266,19266,3516,17078
50447720,2016-01-26T17:56:12Z,2019-01-03T12:04:44Z,swift-algorithm-club,raywenderlich,Swift,19181,19181,3177,13651
64355429,2016-07-28T01:52:59Z,2019-01-03T11:43:57Z,iview,iview,Vue,19151,19151,3309,23483
21648001,2014-07-09T10:12:43Z,2019-01-03T09:10:13Z,awesome-java,akullpp,,19098,19098,4350,1792
95876775,2017-06-30T10:17:55Z,2019-01-03T07:16:39Z,project-guidelines,elsewhencode,JavaScript,19047,19047,1786,320
29887499,2015-01-26T23:32:34Z,2019-01-03T09:41:32Z,open-source-ios-apps,dkhamsing,Swift,18968,18968,3136,7055
1028340,2010-10-27T10:43:36Z,2019-01-03T08:16:36Z,ace,ajaxorg,JavaScript,18959,18959,4225,37275
995750,2010-10-17T23:17:53Z,2019-01-03T11:59:39Z,Vundle.vim,VundleVim,Vim script,18954,18954,2190,933
2579314,2011-10-14T22:49:02Z,2019-01-03T09:41:56Z,Faker,fzaninotto,PHP,18873,18873,2289,7920
28751632,2015-01-03T18:44:57Z,2019-01-03T06:17:21Z,linux-insides,0xAX,Python,18773,18773,1991,6559
27729880,2014-12-08T18:58:53Z,2019-01-03T11:00:57Z,grpc,grpc,C++,18757,18757,4331,203053
13807606,2013-10-23T16:04:23Z,2019-01-03T12:09:57Z,fzf,junegunn,Go,18697,18697,729,2699
18840003,2014-04-16T13:08:18Z,2019-01-03T08:20:47Z,react-starter-kit,kriasoft,JavaScript,18667,18667,3767,3738
3774328,2012-03-20T11:12:28Z,2019-01-03T12:08:43Z,wrk,wg,C,18662,18662,1503,20080
25880891,2014-10-28T17:17:45Z,2019-01-03T12:03:11Z,flow,facebook,OCaml,18654,18654,1586,46517
122692377,2018-02-24T01:54:18Z,2019-01-03T08:02:18Z,hangzhou_house_knowledge,houshanren,CSS,18628,18628,4042,173321
3721224,2012-03-14T19:11:45Z,2019-01-03T10:33:38Z,swiper,nolimits4web,JavaScript,18585,18585,6643,52067
48378947,2015-12-21T15:24:59Z,2019-01-03T12:06:06Z,frp,fatedier,Go,18530,18530,3320,11807
132464395,2018-05-07T13:27:00Z,2019-01-03T12:08:05Z,JavaGuide,Snailclimb,Java,18509,18509,5295,1182
4578002,2012-06-06T21:02:35Z,2019-01-03T10:56:24Z,python-patterns,faif,Python,18497,18497,4108,3479
15634981,2014-01-04T16:05:36Z,2019-01-03T11:07:27Z,godot,godotengine,C++,18489,18489,3764,280536
33895378,2015-04-13T21:35:38Z,2019-01-03T11:08:19Z,dragula,bevacqua,JavaScript,18480,18480,1520,1832
18511024,2014-04-07T08:45:18Z,2019-01-03T11:49:48Z,web-starter-kit,google,HTML,18472,18472,3188,10187
13584262,2013-10-15T08:16:40Z,2019-01-03T06:10:52Z,webtorrent,webtorrent,JavaScript,18462,18462,1769,6887
3577919,2012-02-29T02:32:08Z,2019-01-03T10:28:41Z,beego,astaxie,Go,18443,18443,3827,8018
113752225,2017-12-10T13:29:15Z,2019-01-03T11:17:25Z,profile-summary-for-github,tipsy,Kotlin,18420,18420,356,3181
39176269,2015-07-16T04:21:26Z,2019-01-03T10:18:36Z,vuex,vuejs,JavaScript,18402,18402,5936,13451
105919803,2017-10-05T17:32:00Z,2019-01-03T12:07:26Z,Detectron,facebookresearch,Python,18385,18385,3803,4312
35969061,2015-05-20T19:18:59Z,2019-01-03T09:03:39Z,styleguide,google,HTML,18291,18291,6109,1936
45512989,2015-11-04T03:29:13Z,2019-01-03T11:05:37Z,gold-miner,xitu,,18274,18274,3109,39771
2541284,2011-10-09T04:23:20Z,2019-01-03T12:06:42Z,cheerio,cheeriojs,JavaScript,18273,18273,1192,2044
20429943,2014-06-03T04:44:09Z,2019-01-03T07:15:11Z,the-swift-programming-language-in-chinese,SwiftGGTeam,CSS,18244,18244,4900,25353
3431083,2012-02-13T15:20:02Z,2019-01-03T09:52:19Z,GPUImage,BradLarson,Objective-C,18236,18236,4367,44862
11620669,2013-07-23T22:19:57Z,2019-01-03T11:44:59Z,CodeHub,CodeHubApp,C#,18194,18194,500,75304
48626335,2015-12-26T23:11:20Z,2019-01-03T10:18:28Z,vue-cli,vuejs,JavaScript,18172,18172,2880,10503
3755875,2012-03-18T15:41:35Z,2019-01-03T00:31:46Z,skrollr,Prinzhorn,HTML,18162,18162,3536,1659
2096579,2011-07-24T13:15:51Z,2019-01-03T11:07:21Z,marked,markedjs,JavaScript,18152,18152,2429,1612
38558578,2015-07-05T05:56:42Z,2019-01-03T11:41:15Z,nativefier,jiahaog,JavaScript,18147,18147,988,4648
4037197,2012-04-16T03:12:14Z,2019-01-03T11:07:07Z,YouCompleteMe,Valloric,Python,18081,18081,2043,34573
16677706,2014-02-09T22:39:20Z,2019-01-03T00:45:16Z,awesome-sysadmin,kahun,,18076,18076,3001,592
32215970,2015-03-14T14:31:38Z,2019-01-03T11:45:21Z,mobx,mobxjs,JavaScript,17939,17939,1076,19099
114523184,2017-12-17T09:06:50Z,2019-01-03T12:10:38Z,JCSprout,crossoverJie,Java,17936,17936,4779,977
20965586,2014-06-18T14:41:15Z,2019-01-03T12:04:43Z,SwiftyJSON,SwiftyJSON,Swift,17884,17884,2937,1063
60710553,2016-06-08T15:56:25Z,2019-01-03T05:49:17Z,security-guide-for-developers,FallibleInc,,17859,17859,1226,5838
103953059,2017-09-18T14:56:00Z,2019-01-02T23:26:04Z,modern-js-cheatsheet,mbeaudru,,17840,17840,1572,309
23736449,2014-09-06T14:29:47Z,2019-01-03T10:09:40Z,particles.js,VincentGarreau,JavaScript,17832,17832,3006,158
12244426,2013-08-20T13:58:02Z,2019-01-03T11:40:09Z,nprogress,rstacruz,JavaScript,17828,17828,1525,344
1580851,2011-04-07T05:46:29Z,2019-01-03T11:02:02Z,PhotoSwipe,dimsemenov,JavaScript,17802,17802,2646,28118
18347476,2014-04-01T22:40:40Z,2019-01-03T11:16:33Z,iosched,google,Kotlin,17795,17795,5695,50830
481872,2010-01-21T08:34:27Z,2019-01-03T10:32:29Z,vagrant,hashicorp,Ruby,17759,17759,3619,22184
1864363,2011-06-08T08:53:00Z,2019-01-03T09:53:09Z,composer,composer,PHP,17756,17756,5361,13403
12670444,2013-09-07T19:39:57Z,2019-01-03T08:42:11Z,bluebird,petkaantonov,JavaScript,17742,17742,2226,14599
19141383,2014-04-25T09:44:42Z,2019-01-03T10:45:49Z,blog,fouber,,17735,17735,2055,19107
14807173,2013-11-29T17:36:32Z,2019-01-02T15:53:30Z,How-to-Make-a-Computer-Operating-System,SamyPesse,C,17725,17725,3115,5986
69798748,2016-10-02T13:31:23Z,2019-01-03T09:42:01Z,js-stack-from-scratch,verekia,JavaScript,17715,17715,1762,1800
734934,2010-06-23T01:05:42Z,2019-01-03T11:24:05Z,pug,pugjs,JavaScript,17693,17693,1879,14295
597879,2010-04-06T21:39:05Z,2019-01-03T09:29:25Z,mongoose,Automattic,JavaScript,17664,17664,2528,46209
858127,2010-08-24T01:37:33Z,2019-01-03T12:07:30Z,pandas,pandas-dev,Python,17630,17630,7060,142686
128907699,2018-04-10T09:26:44Z,2019-01-03T10:47:39Z,dayjs,iamkun,JavaScript,17551,17551,715,3741
8686855,2013-03-10T15:12:45Z,2019-01-03T02:28:06Z,intro.js,usablica,HTML,17541,17541,2227,6825
60325062,2016-06-03T06:48:30Z,2019-01-03T10:40:58Z,awesome-deep-learning-papers,terryum,TeX,17470,17470,3300,147
94498635,2017-06-16T02:50:28Z,2019-01-03T11:13:45Z,carbon,dawnlabs,JavaScript,17411,17411,829,2891
23095954,2014-08-19T03:46:38Z,2019-01-03T11:36:57Z,RxAndroid,ReactiveX,Java,17369,17369,2739,835
22374063,2014-07-29T09:09:44Z,2019-01-03T11:49:54Z,android-best-practices,futurice,,17326,17326,3095,596
53658802,2016-03-11T10:18:11Z,2019-01-03T08:46:44Z,weex,alibaba,,17323,17323,2171,136637
1064563,2010-11-09T09:22:21Z,2019-01-03T11:14:52Z,netty,netty,Java,17297,17297,7614,53769
60844036,2016-06-10T11:49:00Z,2019-01-03T11:01:13Z,ShadowsocksX-NG,shadowsocks,Swift,17247,17247,4962,13274
71995937,2016-10-26T11:18:47Z,2019-01-03T10:39:54Z,nuxt.js,nuxt,JavaScript,17222,17222,1407,11308
21481439,2014-07-04T01:05:27Z,2019-01-03T09:19:52Z,hosts,racaljk,Rascal,17154,17154,8525,8892
21935031,2014-07-17T08:51:11Z,2019-01-03T11:37:56Z,awesome-cpp,fffaraz,,17132,17132,3092,1309
3428345,2012-02-13T08:38:00Z,2019-01-03T10:42:10Z,fastclick,ftlabs,HTML,17104,17104,3014,316
321278,2009-09-29T17:21:24Z,2019-01-03T02:13:24Z,npm,npm,,17102,17102,3180,47202
117372806,2018-01-13T19:40:08Z,2019-01-03T11:02:58Z,front-end-interview-handbook,yangshun,JavaScript,17096,17096,2026,1024
301742,2009-09-09T04:55:16Z,2019-01-03T11:19:09Z,tornado,tornadoweb,Python,17093,17093,4822,8464
11570469,2013-07-22T01:15:48Z,2019-01-03T10:23:18Z,Masonry,SnapKit,Objective-C,17065,17065,3079,767
790359,2010-07-22T07:11:11Z,2019-01-03T11:05:13Z,sequelize,sequelize,JavaScript,17008,17008,2727,24207
63484632,2016-07-16T13:38:42Z,2019-01-03T10:34:13Z,fastText,facebookresearch,HTML,16985,16985,3166,7876
8859474,2013-03-18T17:08:21Z,2019-01-03T10:54:45Z,jadx,skylot,Java,16982,16982,1778,11984
958314,2010-10-03T12:50:52Z,2019-01-03T09:12:37Z,nodemon,remy,JavaScript,16951,16951,1139,1739
139824423,2018-07-05T09:11:43Z,2019-01-03T10:48:28Z,100-Days-Of-ML-Code,Avik-Jain,,16931,16931,3492,10953
1451352,2011-03-07T18:44:25Z,2019-01-03T06:20:52Z,mocha,mochajs,JavaScript,16898,16898,2307,10710
49016322,2016-01-04T18:50:02Z,2019-01-03T11:47:27Z,material2,angular,TypeScript,16873,16873,4316,22436
667561,2010-05-15T00:53:07Z,2019-01-03T09:47:03Z,faker.js,Marak,JavaScript,16865,16865,1325,10375
15975439,2014-01-16T17:37:20Z,2019-01-03T10:04:22Z,scrollreveal,scrollreveal,JavaScript,16853,16853,1970,1078
2234102,2011-08-19T13:34:00Z,2019-01-03T09:52:11Z,CodeIgniter,bcit-ci,PHP,16847,16847,7622,51483
2810455,2011-11-19T19:50:47Z,2019-01-03T09:51:21Z,the_silver_searcher,ggreer,C,16805,16805,1017,2369
119811010,2018-02-01T09:08:59Z,2019-01-03T11:29:03Z,tabler,tabler,JavaScript,16797,16797,1452,18567
7607075,2013-01-14T15:46:28Z,2019-01-03T10:54:05Z,Probabilistic-Programming-and-Bayesian-Methods-for-Hackers,CamDavidsonPilon,Jupyter Notebook,16790,16790,5289,132494
88011908,2017-04-12T05:07:46Z,2019-01-03T12:08:40Z,project-based-learning,tuvtran,,16756,16756,2568,352
16607898,2014-02-07T07:54:44Z,2019-01-03T11:51:54Z,drone,drone,Go,16735,16735,1684,24266
10567197,2013-06-08T10:26:57Z,2019-01-03T11:48:09Z,dokku,dokku,Shell,16715,16715,1405,6021
41986369,2015-09-06T04:01:52Z,2019-01-03T11:17:38Z,tidb,pingcap,Go,16705,16705,2395,124142
6007295,2012-09-29T07:52:01Z,2019-01-03T10:36:37Z,jieba,fxsjy,Python,16688,16688,4483,44242
7212645,2012-12-17T21:34:03Z,2019-01-03T11:36:29Z,spacemacs,syl20bnr,Emacs Lisp,16678,16678,4156,42537
11276147,2013-07-09T07:44:22Z,2019-01-03T11:59:27Z,cmder,cmderdev,C++,16664,16664,1173,2292
18477927,2014-04-05T22:19:51Z,2019-01-03T03:15:31Z,nightmare,segmentio,JavaScript,16661,16661,1011,2469
1254497,2011-01-14T13:44:03Z,2019-01-03T10:29:00Z,CodeMirror,codemirror,JavaScript,16534,16534,3743,16602
50151075,2016-01-22T02:10:28Z,2019-01-03T11:17:21Z,react-redux-links,markerikson,,16532,16532,1592,1358
1481305,2011-03-15T03:24:20Z,2019-01-03T03:39:12Z,python-guide,realpython,Batchfile,16514,16514,4748,6626
32247847,2015-03-15T06:17:10Z,2019-01-03T11:46:51Z,rxjs,ReactiveX,TypeScript,16483,16483,1669,102403
2246815,2011-08-22T05:24:31Z,2019-01-03T09:27:36Z,DesignPatternsPHP,domnikl,PHP,16475,16475,3560,4210
41717707,2015-09-01T04:55:14Z,2019-01-03T09:49:12Z,neural-style,jcjohnson,Lua,16435,16435,2501,48191
8768406,2013-03-14T05:04:51Z,2019-01-03T11:08:43Z,autoprefixer,postcss,JavaScript,16434,16434,1002,4131
18044526,2014-03-23T21:56:19Z,2019-01-03T08:16:10Z,streisand,StreisandEffect,Shell,16410,16410,1414,3393
2862290,2011-11-27T18:48:23Z,2019-01-02T13:32:04Z,Android-Universal-Image-Loader,nostra13,Java,16381,16381,6406,25335
21399598,2014-07-01T19:20:06Z,2019-01-03T00:12:19Z,material,angular,JavaScript,16360,16360,3557,47517
61893399,2016-06-24T15:19:33Z,2019-01-03T11:56:21Z,awesome-react-components,brillout,,16338,16338,1157,169
42920477,2015-09-22T08:12:03Z,2019-01-03T11:18:29Z,layui,sentsin,JavaScript,16325,16325,4788,5206
10057936,2013-05-14T15:07:47Z,2019-01-03T09:38:35Z,picasso,square,Java,16322,16322,3929,4214
34453060,2015-04-23T11:48:53Z,2019-01-03T10:03:34Z,awesome-electron,sindresorhus,,16306,16306,1435,439
21696302,2014-07-10T14:04:09Z,2019-01-03T09:43:40Z,awesome-swift,matteocrippa,Swift,16305,16305,2285,4414
1685764,2011-04-30T20:04:24Z,2019-01-02T22:41:43Z,Skeleton,dhg,CSS,16303,16303,2857,6398
47071941,2015-11-29T16:58:12Z,2019-01-03T10:51:33Z,redux-saga,redux-saga,JavaScript,16303,16303,1413,7323
52281283,2016-02-22T15:01:25Z,2019-01-03T11:44:04Z,mastodon,tootsuite,Ruby,16301,16301,2890,66801
21393871,2014-07-01T15:59:02Z,2019-01-03T10:37:59Z,awesome-javascript,sorrycc,,16254,16254,2377,643
4484451,2012-05-29T16:19:29Z,2019-01-03T11:42:42Z,vimrc,amix,Vim script,16250,16250,4695,15676
1357796,2011-02-12T05:23:30Z,2019-01-03T11:09:57Z,emscripten,kripken,C,16243,16243,1904,170905
1413492,2011-02-26T02:44:18Z,2019-01-02T21:10:40Z,jquery-pjax,defunkt,JavaScript,16229,16229,2074,911
35658863,2015-05-15T06:57:27Z,2019-01-03T10:26:31Z,gentelella,puikinsh,HTML,16207,16207,5370,29228
6766558,2012-11-19T20:14:46Z,2019-01-03T09:38:53Z,Hystrix,Netflix,Java,16124,16124,3290,9695
45942274,2015-11-10T21:45:38Z,2019-01-03T11:08:16Z,enzyme,airbnb,JavaScript,16116,16116,1744,5606
2700474,2011-11-03T06:58:52Z,2019-01-03T10:56:27Z,fastjson,alibaba,Java,16076,16076,4623,12258
34757182,2015-04-28T21:36:39Z,2019-01-03T10:57:35Z,interactive-coding-challenges,donnemartin,Python,16015,16015,2264,7567
55886798,2016-04-10T07:40:11Z,2019-01-03T12:07:41Z,BaseRecyclerViewAdapterHelper,CymChad,Java,15980,15980,3391,64029
76838017,2016-12-19T07:18:45Z,2019-01-03T12:10:36Z,iina,iina,Swift,15957,15957,1208,193643
79527893,2017-01-20T05:20:21Z,2019-01-03T11:20:07Z,hyperapp,jorgebucaran,JavaScript,15946,15946,717,1557
138839979,2018-06-27T06:36:45Z,2019-01-03T11:53:26Z,DeepLearning-500-questions,scutan90,TeX,15942,15942,4236,94591
34864402,2015-04-30T16:21:15Z,2019-01-03T08:53:04Z,incubator-mxnet,apache,C++,15932,15932,5780,51756
3482588,2012-02-19T01:30:18Z,2019-01-03T11:56:25Z,SecLists,danielmiessler,PHP,15926,15926,5756,509336
23405758,2014-08-27T21:17:52Z,2019-01-03T09:22:40Z,leveldb,google,C++,15924,15924,3880,1190
50603846,2016-01-28T18:29:14Z,2019-01-03T10:47:28Z,parse-server,parse-community,JavaScript,15915,15915,4093,8579
15183485,2013-12-14T10:00:06Z,2019-01-03T10:18:37Z,The-Art-Of-Programming-By-July,julycoding,C,15870,15870,6221,27451
73681508,2016-11-14T08:06:56Z,2019-01-03T09:40:14Z,wepy,Tencent,JavaScript,15868,15868,2281,6446
527644,2010-02-20T17:25:38Z,2019-01-03T03:52:19Z,less.js,less,JavaScript,15864,15864,3445,11953
70198664,2016-10-06T22:38:38Z,2019-01-03T07:59:04Z,lottie-ios,airbnb,Objective-C,15852,15852,2158,34791
31492490,2015-03-01T09:47:08Z,2019-01-03T08:44:44Z,NativeScript,NativeScript,TypeScript,15837,15837,1177,29402
23044617,2014-08-17T16:23:07Z,2019-01-03T09:30:15Z,popmotion,Popmotion,JavaScript,15824,15824,556,45104
22046023,2014-07-20T23:33:08Z,2019-01-03T07:37:35Z,flux,facebook,JavaScript,15821,15821,3632,1327
93152223,2017-06-02T09:52:50Z,2019-01-03T11:27:51Z,SmartRefreshLayout,scwang90,Java,15820,15820,3296,259193
37246537,2015-06-11T07:38:23Z,2019-01-03T11:15:23Z,react-motion,chenglou,JavaScript,15785,15785,804,4595
455600,2010-01-02T01:17:06Z,2019-01-03T10:35:18Z,hhvm,facebook,C++,15747,15747,2821,320869
67962648,2016-09-12T00:39:35Z,2019-01-03T09:40:20Z,vuetify,vuetifyjs,JavaScript,15700,15700,1494,42726
74697963,2016-11-24T18:49:37Z,2019-01-03T12:10:08Z,Hero,HeroTransitions,Swift,15670,15670,1223,28723
15150300,2013-12-12T23:29:41Z,2019-01-03T08:46:15Z,SpinKit,tobiasahlin,CSS,15668,15668,1495,1017
24841635,2014-10-06T10:24:22Z,2019-01-03T10:15:56Z,date-fns,date-fns,JavaScript,15660,15660,586,10193
23783375,2014-09-08T08:08:13Z,2019-01-03T10:57:28Z,ResumeSample,geekcompany,,15657,15657,5766,25
46918116,2015-11-26T09:52:06Z,2019-01-03T07:22:16Z,CNTK,Microsoft,C++,15628,15628,4192,927531
53370988,2016-03-08T01:03:11Z,2019-01-03T10:22:59Z,lighthouse,GoogleChrome,JavaScript,15619,15619,5152,28362
18611173,2014-04-09T20:02:38Z,2019-01-03T09:56:40Z,velocity,julianshapiro,JavaScript,15573,15573,1472,7348
53238813,2016-03-06T05:08:38Z,2019-01-03T11:44:32Z,brew,Homebrew,Ruby,15549,15549,3471,28047
49910095,2016-01-18T22:37:52Z,2019-01-03T12:04:42Z,vapor,vapor,Swift,15539,15539,948,14574
8297888,2013-02-19T19:45:01Z,2019-01-03T01:59:55Z,typeahead.js,twitter,JavaScript,15519,15519,3315,6152
7548986,2013-01-10T21:27:28Z,2019-01-03T09:54:27Z,framework,laravel,PHP,15466,15466,6139,38248
26295345,2014-11-06T23:42:48Z,2019-01-03T07:21:46Z,corefx,dotnet,C#,15459,15459,4609,196219
57167764,2016-04-26T23:03:23Z,2019-01-03T09:49:37Z,xi-editor,xi-editor,Rust,15452,15452,561,6829
26820798,2014-11-18T17:20:26Z,2019-01-03T10:40:05Z,ava,avajs,JavaScript,15436,15436,960,7934
109343098,2017-11-03T02:35:33Z,2019-01-03T12:00:55Z,open-source-mac-os-apps,serhii-londar,Swift,15415,15415,950,3462
23141830,2014-08-20T08:41:38Z,2019-01-03T09:33:41Z,normalizr,paularmstrong,JavaScript,15362,15362,625,1400
402046,2009-12-06T14:56:32Z,2019-01-03T10:58:26Z,jsPDF,MrRio,JavaScript,15359,15359,2921,60876
33569135,2015-04-07T21:25:17Z,2019-01-03T11:25:52Z,RxSwift,ReactiveX,Swift,15282,15282,2508,12970
5710341,2012-09-07T00:15:39Z,2019-01-03T09:14:48Z,bower,bower,JavaScript,15275,15275,1989,4280
101394335,2017-08-25T10:40:44Z,2019-01-03T11:52:14Z,ant-design-pro,ant-design,JavaScript,15257,15257,3185,27640
31533997,2015-03-02T09:58:04Z,2019-01-03T03:18:44Z,fresco,facebook,Java,15251,15251,3629,66058
79510167,2017-01-20T00:44:02Z,2019-01-03T09:37:53Z,pipenv,pypa,Python,15210,15210,1116,227684
13124802,2013-09-26T14:31:10Z,2019-01-03T10:34:42Z,influxdb,influxdata,Go,15205,15205,2204,68134
538746,2010-02-27T15:55:23Z,2019-01-03T11:44:07Z,ruby,ruby,Ruby,15204,15204,4092,186296
38934449,2015-07-11T17:32:01Z,2019-01-03T12:04:00Z,react-redux,reduxjs,JavaScript,15196,15196,2367,2181
35133520,2015-05-06T01:44:15Z,2019-01-03T05:04:57Z,mostly-adequate-guide,MostlyAdequate,JavaScript,15185,15185,1224,5361
108110,2009-01-15T16:15:18Z,2019-01-03T08:42:13Z,mongo,mongodb,C++,15174,15174,3884,442024
15308499,2013-12-19T10:10:13Z,2019-01-03T12:09:23Z,Sortable,SortableJS,JavaScript,15169,15169,2332,1237
8900723,2013-03-20T09:37:43Z,2019-01-03T11:31:15Z,ngrok,inconshreveable,Go,15159,15159,2579,858
124171501,2018-03-07T03:09:25Z,2019-01-03T12:08:52Z,mpvue,Meituan-Dianping,JavaScript,15154,15154,1497,7929
22657662,2014-08-05T20:04:20Z,2019-01-03T11:48:05Z,docker-cheat-sheet,wsargent,,15144,15144,2683,647
40997482,2015-08-18T21:03:56Z,2019-01-03T11:57:56Z,vim,vim,C,15139,15139,1970,88764
16563587,2014-02-06T00:18:47Z,2019-01-03T12:01:38Z,cockroach,cockroachdb,Go,15126,15126,1627,1057288
72103891,2016-10-27T12:00:26Z,2019-01-03T09:10:30Z,jstraining,ruanyf,,15116,15116,4180,4085
1420053,2011-02-28T02:44:05Z,2019-01-03T11:56:14Z,guzzle,guzzle,PHP,15114,15114,1887,8728
16722900,2014-02-11T07:28:24Z,2019-01-03T08:16:30Z,ipfs,ipfs,,15054,15054,965,2374
441269,2009-12-18T01:39:53Z,2019-01-03T07:04:25Z,coffeescript,jashkenas,CoffeeScript,15045,15045,1995,26432
23338716,2014-08-26T04:27:45Z,2019-01-03T11:16:13Z,react-select,JedWatson,JavaScript,15017,15017,3043,13428
10851820,2013-06-21T20:32:35Z,2019-01-03T09:47:18Z,ramda,ramda,JavaScript,14996,14996,959,7167
215047,2009-05-31T21:45:41Z,2019-01-03T08:19:02Z,MBProgressHUD,jdg,Objective-C,14996,14996,3439,1202
98029592,2017-07-22T12:21:03Z,2019-01-03T10:34:38Z,learn-regex,ziishaned,,14995,14995,1453,516
17728164,2014-03-13T22:25:48Z,2019-01-03T10:20:01Z,terraform,hashicorp,Go,14963,14963,4327,152943
26102180,2014-11-03T03:21:42Z,2019-01-03T09:42:58Z,material-dialogs,afollestad,Kotlin,14944,14944,2598,204504
92807616,2017-05-30T07:18:52Z,2019-01-03T12:06:23Z,English-level-up-tips-for-Chinese,byoungd,,14936,14936,1726,27639
57222302,2016-04-27T14:59:16Z,2019-01-03T09:14:17Z,gym,openai,Python,14927,14927,3878,3600
20270252,2014-05-28T19:49:55Z,2019-01-03T12:03:18Z,feather,feathericons,JavaScript,14927,14927,521,14925
33263118,2015-04-01T17:51:11Z,2019-01-03T12:07:59Z,uBlock,gorhill,JavaScript,14926,14926,1248,102120
51728141,2016-02-15T03:23:27Z,2019-01-03T11:34:04Z,vux,airyland,Vue,14877,14877,3337,31492
90563585,2017-05-07T21:40:56Z,2019-01-03T11:48:49Z,cheat.sh,chubin,Python,14842,14842,691,3497
5373551,2012-08-10T19:34:38Z,2019-01-03T11:09:22Z,libgdx,libgdx,Java,14830,14830,5791,1014330
26554,2008-06-18T23:30:53Z,2019-01-03T11:34:47Z,reddit,reddit-archive,Python,14826,14826,2745,40093
2540368,2011-10-08T22:38:32Z,2019-01-03T09:27:25Z,passport,jaredhanson,JavaScript,14790,14790,885,404
18964487,2014-04-20T13:06:28Z,2019-01-03T11:55:45Z,es6tutorial,ruanyf,JavaScript,14767,14767,6648,4662
15045751,2013-12-09T11:40:58Z,2019-01-03T11:06:01Z,compose,docker,Python,14766,14766,2251,10532
2056312,2011-07-16T01:05:58Z,2019-01-03T11:14:48Z,html2canvas,niklasvh,JavaScript,14742,14742,2858,9041
6094683,2012-10-05T18:27:01Z,2019-01-01T08:22:12Z,bootstrap,angular-ui,JavaScript,14740,14740,7369,9938
31085130,2015-02-20T21:02:59Z,2019-01-03T09:50:24Z,lottie-web,airbnb,JavaScript,14734,14734,1263,159799
37958358,2015-06-24T02:49:52Z,2019-01-03T11:28:20Z,tesseract.js,naptha,JavaScript,14706,14706,953,94116
71948498,2016-10-25T23:48:03Z,2019-01-03T10:57:49Z,localstack,localstack,Python,14689,14689,963,1901
2278524,2011-08-27T08:30:59Z,2019-01-03T06:20:02Z,hubot,hubotio,JavaScript,14637,14637,3434,1987
52113921,2016-02-19T20:18:26Z,2019-01-03T12:10:37Z,draft-js,facebook,JavaScript,14628,14628,1593,9232
29749635,2015-01-23T19:38:29Z,2019-01-03T09:28:42Z,data-science-ipython-notebooks,donnemartin,Python,14614,14614,4369,48908
37382858,2015-06-13T18:25:17Z,2019-01-03T09:27:36Z,engineering-blogs,kilimchoi,Ruby,14610,14610,1683,1383
59652928,2016-05-25T10:09:03Z,2019-01-03T08:17:26Z,ngx-admin,akveo,TypeScript,14600,14600,4826,28646
2700159,2011-11-03T05:12:51Z,2019-01-03T11:53:52Z,druid,alibaba,Java,14599,14599,5430,53107
2293158,2011-08-30T06:13:20Z,2019-01-03T10:26:02Z,metasploit-framework,rapid7,Ruby,14587,14587,7586,376644
5084750,2012-07-17T16:39:00Z,2019-01-03T11:30:43Z,PhotoView,chrisbanes,Java,14581,14581,3489,16802
2371106,2011-09-12T13:03:05Z,2019-01-03T10:47:30Z,ruby-style-guide,rubocop-hq,,14567,14567,3270,883
1800198,2011-05-25T17:48:59Z,2019-01-03T09:35:16Z,idiomatic.js,rwaldron,,14549,14549,1888,1086
16587283,2014-02-06T17:28:03Z,2019-01-03T12:07:31Z,xgboost,dmlc,C++,14527,14527,6216,10278
35640229,2015-05-14T22:26:28Z,2019-01-03T11:44:37Z,rollup,rollup,JavaScript,14521,14521,632,8254
887025,2010-09-04T01:21:12Z,2019-01-03T04:48:14Z,q,kriskowal,JavaScript,14504,14504,1225,1364
32538871,2015-03-19T18:21:20Z,2019-01-03T08:34:14Z,gson,google,Java,14478,14478,2937,10605
14125254,2013-11-04T22:15:27Z,2019-01-03T11:47:55Z,consul,hashicorp,Go,14475,14475,2524,73608
1234714,2011-01-09T08:43:57Z,2019-01-03T07:53:10Z,elixir,elixir-lang,Elixir,14458,14458,2095,39014
3623050,2012-03-05T02:05:17Z,2019-01-03T11:48:18Z,homebrew-cask,Homebrew,Ruby,14434,14434,6838,137383
15480067,2013-12-27T19:06:07Z,2019-01-03T11:01:36Z,react-bootstrap,react-bootstrap,JavaScript,14433,14433,2355,8219
46622323,2015-11-21T16:02:26Z,2019-01-03T11:36:09Z,You-Dont-Need-jQuery,nefe,JavaScript,14414,14414,1356,578
5448530,2012-08-17T05:41:57Z,2019-01-03T06:55:25Z,ratchet,twbs,CSS,14370,14370,1535,16494
401025,2009-12-05T22:15:25Z,2019-01-03T10:16:43Z,hub,github,Go,14360,14360,1451,5224
39122628,2015-07-15T07:24:48Z,2019-01-03T11:27:29Z,tips,git-tips,JavaScript,14346,14346,1231,348
80149262,2017-01-26T19:51:40Z,2019-01-03T08:45:38Z,react-navigation,react-navigation,JavaScript,14315,14315,3029,12599
19620844,2014-05-09T18:15:20Z,2019-01-03T12:05:28Z,octotree,ovity,JavaScript,14304,14304,1191,63932
67709808,2016-09-08T14:21:41Z,2019-01-03T11:11:57Z,react-native-elements,react-native-training,JavaScript,14299,14299,2132,35600
21234201,2014-06-26T08:49:14Z,2019-01-03T09:56:46Z,mojs,legomushroom,JavaScript,14284,14284,754,137427
8538132,2013-03-03T15:36:49Z,2019-01-03T07:23:49Z,Flat-UI,designmodo,CSS,14282,14282,2461,36101
7240954,2012-12-19T13:31:50Z,2019-01-03T11:54:53Z,fonts,powerline,Shell,14274,14274,1860,20700
924303,2010-09-20T07:57:57Z,2019-01-03T01:05:56Z,zepto,madrobby,HTML,14222,14222,4016,8261
14003349,2013-10-31T00:10:06Z,2019-01-03T09:38:17Z,localForage,localForage,JavaScript,14222,14222,830,4669
41654081,2015-08-31T03:36:35Z,2019-01-03T11:45:08Z,macOS-Security-and-Privacy-Guide,drduh,Python,14213,14213,983,1248
74175805,2016-11-18T23:57:21Z,2019-01-03T10:37:10Z,istio,istio,Go,14193,14193,2211,55949
12774825,2013-09-12T04:24:29Z,2019-01-03T11:48:22Z,pace,HubSpot,CSS,14180,14180,1856,1050
21552971,2014-07-07T01:57:42Z,2019-01-03T08:52:49Z,awesome-shell,alebcay,,14162,14162,1322,566
4307108,2012-05-12T14:37:08Z,2019-01-03T07:03:50Z,nsq,nsqio,Go,14150,14150,1841,11157
49935814,2016-01-19T07:49:48Z,2019-01-03T11:51:34Z,ItChat,littlecodersh,Python,14144,14144,3403,955
24812854,2014-10-05T09:57:08Z,2019-01-03T08:57:03Z,node-lessons,alsotang,JavaScript,14139,14139,4617,2065
3422939,2012-02-12T16:19:18Z,2019-01-02T19:43:55Z,dropzone,enyo,JavaScript,14136,14136,3203,4209
29261473,2015-01-14T19:23:58Z,2019-01-03T12:05:15Z,minio,minio,Go,14135,14135,1283,44851
20541795,2014-06-05T21:13:40Z,2019-01-03T09:47:20Z,SnapKit,SnapKit,Swift,14105,14105,1357,2776
84009,2008-12-02T23:46:37Z,2019-01-02T15:07:58Z,jasmine,jasmine,JavaScript,14072,14072,2069,8415
809601,2010-07-31T18:54:46Z,2019-01-03T09:32:25Z,handlebars.js,wycats,JavaScript,14053,14053,1797,2159
125791597,2018-03-19T02:38:12Z,2019-01-03T11:52:10Z,CS-Interview-Knowledge-Map,InterviewMap,,14038,14038,2049,10862
53133861,2016-03-04T12:26:34Z,2019-01-03T09:06:46Z,my-mac-os,nikitavoloboev,CSS,14022,14022,571,14327
571770,2010-03-20T20:34:23Z,2019-01-03T10:33:10Z,pandoc,jgm,Haskell,14022,14022,1577,35084
47394776,2015-12-04T09:36:55Z,2019-01-03T10:54:14Z,lerna,lerna,JavaScript,14012,14012,908,5467
20822291,2014-06-14T01:17:57Z,2019-01-03T09:32:46Z,awesome-swift,ipader,Swift,13988,13988,3467,49835
33706598,2015-04-10T03:34:17Z,2019-01-03T10:08:38Z,react-native-guide,reactnativecn,,13930,13930,3365,117
7693799,2013-01-18T20:26:29Z,2019-01-03T10:40:39Z,ui-router,angular-ui,TypeScript,13922,13922,3331,12230
145803079,2018-08-23T05:04:38Z,2019-01-03T11:07:50Z,windows95,felixrieseberg,JavaScript,13919,13919,801,975
24586308,2014-09-29T08:39:34Z,2019-01-03T11:50:58Z,os-tutorial,cfenollosa,C,13917,13917,1407,154
6988020,2012-12-03T19:25:52Z,2019-01-03T09:53:49Z,js-xlsx,SheetJS,JavaScript,13915,13915,3154,45031
20281866,2014-05-29T04:11:33Z,2019-01-03T08:40:05Z,ToolsOfTheTrade,cjbarber,,13911,13911,1093,1634
115675788,2017-12-29T02:00:19Z,2019-01-03T11:29:28Z,wechat_jump_game,wangshub,Python,13905,13905,4805,26965
37448451,2015-06-15T06:50:02Z,2019-01-03T12:08:24Z,mattermost-server,mattermost,Go,13850,13850,2600,319109
51980455,2016-02-18T05:02:30Z,2019-01-03T11:04:02Z,alacritty,jwilm,Rust,13847,13847,597,4654
45431898,2015-11-03T00:48:07Z,2019-01-03T10:46:57Z,react-virtualized,bvaughn,JavaScript,13831,13831,1576,45435
115478820,2017-12-27T03:46:40Z,2019-01-03T10:13:42Z,awesome-scalability,binhnguyennus,,13829,13829,1295,554
11116372,2013-07-02T05:01:55Z,2019-01-03T09:08:09Z,keystone,keystonejs,JavaScript,13822,13822,2219,149348
5362524,2012-08-09T23:14:02Z,2019-01-03T05:32:16Z,source-code-pro,adobe-fonts,Python,13795,13795,1149,128980
32726377,2015-03-23T10:50:07Z,2019-01-03T09:08:55Z,react-demos,ruanyf,JavaScript,13791,13791,6079,1236
5625464,2012-08-31T06:57:52Z,2019-01-03T11:45:43Z,pyenv,pyenv,Shell,13783,13783,1187,3306
6064342,2012-10-03T18:10:02Z,2019-01-03T11:33:31Z,lime,limetext,,13779,13779,1086,2129
58623321,2016-05-12T08:34:31Z,2019-01-03T11:22:04Z,flv.js,Bilibili,JavaScript,13767,13767,2038,1097
2206953,2011-08-14T21:33:58Z,2019-01-03T11:21:05Z,commander.js,tj,JavaScript,13749,13749,1004,614
2055965,2011-07-15T22:56:39Z,2019-01-03T11:56:38Z,swagger-ui,swagger-api,JavaScript,13742,13742,6186,256080
74073233,2016-11-17T22:32:08Z,2019-01-03T09:27:36Z,algorithms,keon,Python,13739,13739,2434,1191
380961,2009-11-21T21:04:56Z,2019-01-02T18:50:32Z,masonry,desandro,HTML,13734,13734,2109,1479
1607357,2011-04-13T02:29:45Z,2019-01-03T11:54:52Z,superagent,visionmedia,JavaScript,13705,13705,1166,2479
11507163,2013-07-18T16:00:26Z,2019-01-03T08:32:00Z,uikit,uikit,CSS,13677,13677,2035,43894
16089035,2014-01-21T01:26:28Z,2019-01-03T10:08:52Z,wekan,wekan,JavaScript,13673,13673,1969,10135
6256729,2012-10-17T05:55:16Z,2019-01-03T11:43:42Z,fks,JacksonTian,JavaScript,13637,13637,4378,1764
519832,2010-02-16T04:10:13Z,2019-01-03T11:40:14Z,mitmproxy,mitmproxy,Python,13627,13627,1780,45034
11820425,2013-08-01T15:28:05Z,2019-01-03T08:38:00Z,parallax,wagerfield,JavaScript,13626,13626,2047,3759
17107479,2014-02-23T12:15:53Z,2019-01-03T11:30:26Z,framework7,framework7io,CSS,13603,13603,2881,54431
27382163,2014-12-01T14:07:07Z,2019-01-03T08:40:02Z,hexo-theme-next,iissnan,CSS,13601,13601,3676,13300
22394357,2014-07-29T20:27:33Z,2019-01-03T03:58:53Z,osquery,facebook,C++,13593,13593,1636,17245
38366638,2015-07-01T11:06:45Z,2019-01-03T08:46:39Z,reselect,reduxjs,JavaScript,13588,13588,445,537
1207300,2010-12-30T00:09:50Z,2019-01-02T21:06:29Z,statsd,etsy,JavaScript,13577,13577,1778,2101
49009950,2016-01-04T16:47:54Z,2019-01-03T11:50:29Z,HowToBeAProgrammer,braydie,,13528,13528,1240,648
1213225,2011-01-01T23:47:21Z,2019-01-03T04:43:59Z,highlight.js,highlightjs,JavaScript,13507,13507,2324,8694
45055693,2015-10-27T16:53:23Z,2019-01-03T07:56:43Z,etcher,balena-io,JavaScript,13475,13475,728,90363
13142126,2013-09-27T05:21:01Z,2019-01-02T18:25:41Z,riot,riot,JavaScript,13395,13395,1004,8950
24297122,2014-09-21T17:01:48Z,2019-01-03T10:22:53Z,awesome-docker,veggiemonk,,13371,13371,1541,6705
619849,2010-04-20T16:20:16Z,2019-01-03T09:07:04Z,spf13-vim,spf13,VimL,13358,13358,3615,5905
8986773,2013-03-24T13:46:06Z,2019-01-03T11:21:12Z,stackedit,benweet,JavaScript,13357,13357,2030,36500
30161665,2015-02-01T22:07:38Z,2019-01-03T08:37:53Z,inferno,infernojs,JavaScript,13350,13350,607,35226
33486016,2015-04-06T14:26:21Z,2019-01-03T09:14:57Z,Kingfisher,onevcat,Swift,13336,13336,1457,13115
805461,2010-07-29T14:58:13Z,2019-01-03T11:05:52Z,mysql,mysqljs,JavaScript,13327,13327,1874,2434
1195004,2010-12-24T06:07:50Z,2019-01-03T05:44:39Z,angular-seed,angular,JavaScript,13324,13324,7469,14486
1614410,2011-04-14T14:12:38Z,2019-01-03T11:00:22Z,FFmpeg,FFmpeg,C,13320,13320,5143,222095
52677592,2016-02-27T17:00:27Z,2019-01-03T12:01:47Z,awesome-tensorflow,jtoy,,13317,13317,2357,232
13473768,2013-10-10T14:34:18Z,2019-01-03T08:08:38Z,ionicons,ionic-team,HTML,13309,13309,1508,22339
43568832,2015-10-02T18:20:08Z,2019-01-03T11:26:19Z,Perfect,PerfectlySoft,Swift,13274,13274,953,5444
45147841,2015-10-28T23:25:08Z,2019-01-03T11:44:34Z,prepack,facebook,JavaScript,13273,13273,430,17783
50709152,2016-01-30T04:36:48Z,2019-01-03T11:52:09Z,iris,kataras,Go,13265,13265,1359,28340
6731432,2012-11-17T03:15:11Z,2019-01-03T11:59:16Z,shellcheck,koalaman,Haskell,13251,13251,670,3567
658518,2010-05-10T04:46:06Z,2019-01-03T08:25:07Z,ipython,ipython,Python,13247,13247,3745,72012
53619303,2016-03-10T21:45:12Z,2019-01-03T09:29:23Z,f8app,fbsamples,JavaScript,13245,13245,2547,14278
41592744,2015-08-29T12:29:03Z,2019-01-03T07:55:08Z,css-protips,AllThingsSmitty,,13218,13218,936,6865
24186761,2014-09-18T12:12:23Z,2019-01-03T12:01:39Z,anko,Kotlin,Kotlin,13218,13218,1048,15223
81080671,2017-02-06T11:32:46Z,2019-01-03T11:47:36Z,lectures,oxford-cs-deepnlp-2017,,13214,13214,3070,48981
93076012,2017-06-01T16:11:11Z,2019-01-03T09:27:36Z,chromeless,prisma-archive,TypeScript,13213,13213,582,1088
62812261,2016-07-07T14:15:27Z,2019-01-03T11:53:28Z,kubernetes-the-hard-way,kelseyhightower,,13207,13207,2303,670
1381283,2011-02-18T05:18:27Z,2019-01-03T09:32:18Z,solarized,altercation,Vim script,13203,13203,3334,34558
28699471,2015-01-02T00:31:34Z,2019-01-03T11:45:03Z,awesome-remote-job,lukasz-madon,,13201,13201,1302,565
59010815,2016-05-17T09:54:10Z,2019-01-03T11:39:02Z,mint-ui,ElemeFE,Vue,13197,13197,2913,3064
5101141,2012-07-18T19:57:25Z,2019-01-03T11:26:03Z,jq,stedolan,C,13189,13189,757,5595
138634298,2018-06-25T18:26:02Z,2019-01-03T07:15:49Z,MS-DOS,Microsoft,Assembly,13180,13180,1897,875
44998092,2015-10-26T21:21:31Z,2019-01-03T10:56:50Z,Aerial,JohnCoates,Swift,13165,13165,724,11881
128624453,2018-04-08T09:32:26Z,2019-01-03T11:53:20Z,taro,NervJS,JavaScript,13156,13156,1277,8194
1376664,2011-02-17T02:07:15Z,2019-01-03T10:37:49Z,monolog,Seldaek,PHP,13139,13139,1476,2606
29112049,2015-01-12T00:41:38Z,2019-01-03T08:04:10Z,ZeroNet,HelloZeroNet,Python,13130,13130,1712,10715
82729529,2017-02-21T21:35:07Z,2019-01-03T11:29:51Z,python-fire,google,Python,13127,13127,748,596
131582572,2018-04-30T10:25:31Z,2019-01-03T11:44:28Z,architecture.of.internet-product,davideuler,,13117,13117,2655,599861
58034548,2016-05-04T08:11:22Z,2019-01-03T10:37:22Z,flexbox-layout,google,Kotlin,13116,13116,1407,49177
43797718,2015-10-07T05:54:51Z,2019-01-03T10:34:36Z,recompose,acdlite,JavaScript,13114,13114,1134,1210
4793392,2012-06-26T09:52:15Z,2019-01-03T07:12:37Z,sqlmap,sqlmapproject,Python,13114,13114,2872,63104
22067521,2014-07-21T14:29:47Z,2019-01-03T10:12:29Z,imgui,ocornut,C++,13111,13111,1780,31818
84703916,2017-03-12T06:02:46Z,2019-01-03T12:06:36Z,awesome-blockchain-cn,chaozh,JavaScript,13106,13106,2527,184
65388917,2016-08-10T14:24:36Z,2019-01-03T11:37:50Z,PythonDataScienceHandbook,jakevdp,Jupyter Notebook,13097,13097,5320,32393
7874074,2013-01-28T16:47:12Z,2019-01-03T11:36:22Z,howler.js,goldfire,JavaScript,13093,13093,1326,31929
3390243,2012-02-08T19:07:25Z,2019-01-03T11:06:43Z,servo,servo,Rust,13093,13093,2033,777864
10365411,2013-05-29T17:40:11Z,2019-01-03T09:31:03Z,medium-editor,yabwe,JavaScript,13086,13086,1584,10352
95189138,2017-06-23T06:15:51Z,2019-01-03T11:36:10Z,p3c,alibaba,Kotlin,13060,13060,2895,20215
11061773,2013-06-29T23:59:48Z,2019-01-03T12:06:10Z,eslint,eslint,JavaScript,13056,13056,2242,19747
133251103,2018-05-13T15:44:01Z,2019-01-03T11:00:50Z,dive,wagoodman,Go,13043,13043,392,3037
16072585,2014-01-20T14:14:11Z,2019-01-03T11:13:07Z,phoenix,phoenixframework,Elixir,13043,13043,1632,10434
45456804,2015-11-03T09:50:50Z,2019-01-03T11:30:51Z,awesome-python-cn,jobbole,Makefile,13039,13039,4651,438
67481986,2016-09-06T06:57:52Z,2019-01-03T08:19:37Z,tinker,Tencent,Java,13009,13009,2656,4166
19542809,2014-05-07T17:00:37Z,2019-01-03T11:11:07Z,http-api-design,interagent,,12997,12997,1050,138
12732573,2013-09-10T14:58:51Z,2019-01-03T12:01:24Z,vim-plug,junegunn,Vim script,12994,12994,569,8682
7613257,2013-01-14T21:40:56Z,2019-01-03T10:24:44Z,selenium,SeleniumHQ,Java,12985,12985,4525,1707405
21265042,2014-06-27T05:29:02Z,2019-01-03T10:43:29Z,AsyncDisplayKit,facebookarchive,Objective-C++,12980,12980,2276,131026
65678789,2016-08-14T17:44:33Z,2019-01-03T10:16:46Z,webpack-dashboard,FormidableLabs,JavaScript,12956,12956,378,599
46342224,2015-11-17T11:17:38Z,2019-01-03T12:10:09Z,skill-map,TeamStuQ,HTML,12889,12889,3267,33939
89012427,2017-04-21T18:27:39Z,2019-01-03T11:14:33Z,react-sketchapp,airbnb,JavaScript,12888,12888,688,4030
71939872,2016-10-25T21:17:50Z,2019-01-03T10:13:59Z,blueprint,palantir,TypeScript,12886,12886,1044,72690
23112526,2014-08-19T14:09:26Z,2019-01-03T10:12:33Z,Android-CleanArchitecture,android10,Java,12885,12885,2987,5182
760732,2010-07-06T22:50:17Z,2019-01-03T10:14:14Z,fmdb,ccgus,Objective-C,12844,12844,2762,1249
51270739,2016-02-07T23:02:45Z,2019-01-03T11:29:34Z,awesome-vscode,viatsko,JavaScript,12838,12838,637,9215
4044891,2012-04-16T20:06:56Z,2019-01-03T02:54:32Z,realm-cocoa,realm,Objective-C,12832,12832,1650,53286
28513398,2014-12-26T14:57:02Z,2019-01-02T21:18:26Z,Spring,MengTo,Swift,12828,12828,1491,913
11829145,2013-08-01T22:21:30Z,2019-01-03T09:41:05Z,trix,basecamp,CoffeeScript,12811,12811,587,3480
1116542,2010-11-27T09:41:48Z,2019-01-03T11:09:24Z,aria2,aria2,C++,12802,12802,1453,28425
35756351,2015-05-17T07:29:15Z,2019-01-03T10:50:22Z,waifu2x,nagadomi,Lua,12780,12780,1475,712750
97249406,2017-07-14T15:42:12Z,2019-01-03T09:36:58Z,wtfjs,denysdovhan,JavaScript,12765,12765,816,312
61412022,2016-06-18T01:52:42Z,2019-01-03T11:57:49Z,slate,ianstormtaylor,JavaScript,12762,12762,997,225593
30203935,2015-02-02T19:25:47Z,2019-01-03T12:03:00Z,metabase,metabase,JavaScript,12756,12756,1694,92748
30794868,2015-02-14T11:33:07Z,2019-01-03T08:46:31Z,plyr,sampotts,JavaScript,12747,12747,1357,31402
9354478,2013-04-10T19:47:33Z,2019-01-03T10:09:23Z,YYKit,ibireme,Objective-C,12746,12746,3363,56960
2336578,2011-09-06T18:58:49Z,2019-01-03T11:08:34Z,bootstrap-sass,twbs,Ruby,12719,12719,3473,3132
326688,2009-10-04T23:41:19Z,2019-01-03T04:57:55Z,mustache.js,janl,JavaScript,12714,12714,2251,1292
1093228,2010-11-18T23:17:00Z,2019-01-03T11:11:14Z,cocos2d-x,cocos2d,C++,12700,12700,6631,938276
58836534,2016-05-15T00:27:45Z,2019-01-03T11:40:12Z,algorithm-visualizer,algorithm-visualizer,JavaScript,12700,12700,1787,20031
10309334,2013-05-27T06:46:58Z,2019-01-03T10:56:15Z,N-blog,nswbmw,JavaScript,12685,12685,4539,10727
60630844,2016-06-07T16:56:31Z,2019-01-03T09:37:21Z,monaco-editor,Microsoft,JavaScript,12661,12661,1070,6019
1431547,2011-03-02T17:13:56Z,2019-01-03T09:13:36Z,django-rest-framework,encode,Python,12643,12643,3860,40988
46273445,2015-11-16T12:32:33Z,2019-01-03T05:08:54Z,uppy,transloadit,JavaScript,12612,12612,587,219137
22607013,2014-08-04T14:23:37Z,2019-01-03T09:41:26Z,amazeui,amazeui,JavaScript,12587,12587,2515,20647
71583602,2016-10-21T17:02:11Z,2019-01-03T10:44:43Z,cs-video-courses,Developer-Y,,12572,12572,1530,431
448045,2009-12-24T13:16:23Z,2019-01-03T11:30:35Z,phpunit,sebastianbergmann,PHP,12568,12568,1684,30166
3431193,2012-02-13T15:32:36Z,2019-01-03T09:48:05Z,yii2,yiisoft,PHP,12561,12561,6711,71850
77144337,2016-12-22T12:51:39Z,2019-01-03T12:07:54Z,faas,openfaas,Go,12554,12554,976,22803
31504491,2015-03-01T17:43:01Z,2019-01-03T09:41:18Z,echo,labstack,Go,12552,12552,1122,5139
2909429,2011-12-04T08:49:15Z,2019-01-03T07:02:11Z,glances,nicolargo,Python,12530,12530,852,27832
12358097,2013-08-25T11:32:48Z,2019-01-03T11:31:13Z,IQKeyboardManager,hackiftekhar,Objective-C,12527,12527,2003,22129
17066884,2014-02-21T19:18:47Z,2019-01-03T10:43:57Z,pyspider,binux,Python,12525,12525,3099,3976
6934395,2012-11-30T06:16:18Z,2019-01-03T11:14:33Z,rocksdb,facebook,C++,12517,12517,2749,122034
41912791,2015-09-04T11:42:53Z,2019-01-03T11:48:15Z,v2ray-core,v2ray,Go,12512,12512,2783,28508
38307428,2015-06-30T12:16:50Z,2019-01-03T11:31:49Z,graphql-js,graphql,JavaScript,12478,12478,1023,5489
101684374,2017-08-28T20:22:19Z,2019-01-03T11:48:31Z,wtfpython,satwikkansal,Python,12478,12478,1090,591
20106153,2014-05-23T16:22:32Z,2019-01-03T03:00:32Z,MJRefresh,CoderMJLee,Objective-C,12460,12460,3444,13884
31168578,2015-02-22T16:04:42Z,2019-01-03T03:58:59Z,functional-programming-jargon,hemanth,,12445,12445,720,283
65233633,2016-08-08T19:41:59Z,2019-01-03T11:13:33Z,pkg,zeit,JavaScript,12434,12434,425,2321
125596489,2018-03-17T04:24:10Z,2019-01-03T09:27:36Z,docz,pedronauck,TypeScript,12427,12427,366,3678
6887813,2012-11-27T17:32:32Z,2019-01-02T23:20:57Z,crystal,crystal-lang,Crystal,12427,12427,960,38171
17372733,2014-03-03T16:53:36Z,2019-01-03T10:06:14Z,OpenAPI-Specification,OAI,,12416,12416,4219,2257
13753636,2013-10-21T20:07:22Z,2019-01-03T11:40:28Z,generator-jhipster,jhipster,JavaScript,12408,12408,2585,36995
36836475,2015-06-03T23:32:55Z,2019-01-03T11:18:26Z,tmux,tmux,C,12404,12404,852,9163
931039,2010-09-22T16:11:32Z,2019-01-03T11:58:12Z,browserify,browserify,JavaScript,12400,12400,1088,2415
25050844,2014-10-10T19:54:55Z,2019-01-03T09:41:11Z,Carthage,Carthage,Swift,12375,12375,1199,18810
105036236,2017-09-27T15:31:23Z,2019-01-03T10:33:29Z,draggable,Shopify,JavaScript,12364,12364,584,3596
15116946,2013-12-11T19:37:46Z,2019-01-03T11:01:21Z,vue-router,vuejs,JavaScript,12359,12359,3315,7908
781028,2010-07-17T23:20:19Z,2019-01-03T09:47:50Z,node-inspector,node-inspector,JavaScript,12353,12353,764,7522
45261969,2015-10-30T16:10:56Z,2019-01-03T11:39:44Z,plaid,nickbutcher,Kotlin,12351,12351,2524,32964
11171548,2013-07-04T08:47:49Z,2019-01-03T07:09:09Z,json,nlohmann,C++,12348,12348,1977,170075
31865176,2015-03-08T20:54:00Z,2019-01-03T03:14:59Z,Material-Animations,lgvalle,Java,12347,12347,2464,8692
2253830,2011-08-23T07:57:17Z,2019-01-03T11:40:33Z,PHPMailer,PHPMailer,PHP,12345,12345,6826,4770
17803236,2014-03-16T16:19:57Z,2019-01-03T12:01:42Z,rclone,ncw,Go,12310,12310,966,121363
69953445,2016-10-04T10:07:06Z,2019-01-03T10:40:04Z,zheng,shuzheng,Java,12307,12307,6073,41231
30215630,2015-02-03T00:01:19Z,2019-01-03T09:41:01Z,kit,go-kit,Go,12284,12284,1293,6840
67186968,2016-09-02T03:32:25Z,2019-01-03T11:15:30Z,chinese-poetry,chinese-poetry,Python,12277,12277,1985,95570
41766002,2015-09-01T22:10:53Z,2019-01-03T08:43:56Z,amphtml,ampproject,JavaScript,12265,12265,2754,567493
1206546,2010-12-29T18:49:51Z,2019-01-03T11:41:16Z,winston,winstonjs,JavaScript,12260,12260,1143,2264
156157055,2018-11-05T03:44:27Z,2019-01-03T12:09:38Z,practicalAI,GokuMohandas,Jupyter Notebook,12236,12236,1725,15275
82285884,2017-02-17T10:27:59Z,2019-01-03T09:20:12Z,AR.js,jeromeetienne,JavaScript,12210,12210,1475,336122
56353740,2016-04-15T22:38:35Z,2019-01-03T09:58:38Z,minikube,kubernetes,Go,12205,12205,1824,51051
965782,2010-10-06T06:58:48Z,2019-01-03T11:54:14Z,validator.js,chriso,JavaScript,12201,12201,1042,3281
817345,2010-08-04T16:32:07Z,2019-01-03T08:30:56Z,git-extras,tj,Shell,12186,12186,913,1301
49594603,2016-01-13T18:53:25Z,2019-01-03T07:40:39Z,Public-APIs,abhishekbanthia,,12183,12183,978,386
9325315,2013-04-09T16:02:18Z,2019-01-03T09:34:07Z,loopback,strongloop,JavaScript,12171,12171,1131,8447
19745004,2014-05-13T15:38:58Z,2019-01-03T11:56:30Z,odoo,odoo,JavaScript,12162,12162,9365,2425877
911765,2010-09-15T05:20:04Z,2019-01-03T03:18:15Z,diaspora,diaspora,Ruby,12128,12128,2912,105196
5558246,2012-08-26T07:24:04Z,2019-01-03T05:40:07Z,stream-handbook,substack,JavaScript,12128,12128,911,618
29247444,2015-01-14T14:18:07Z,2019-01-03T02:20:31Z,blessed-contrib,yaronn,JavaScript,12122,12122,648,5319
12488374,2013-08-30T14:32:19Z,2019-01-03T11:18:35Z,Best-App,hzlzh,,12122,12122,1684,249
1365679,2011-02-14T15:43:03Z,2019-01-03T04:24:38Z,tomorrow-theme,chriskempson,CSS,12118,12118,2935,4772
18962767,2014-04-20T11:03:15Z,2019-01-03T12:07:26Z,Qix,ty4z2008,,12103,12103,4629,2001
53631945,2016-03-11T02:02:33Z,2019-01-03T11:12:28Z,ripgrep,BurntSushi,Rust,12101,12101,494,2819
20537104,2014-06-05T18:49:41Z,2019-01-03T09:54:57Z,cayley,cayleygraph,Go,12086,12086,1068,18684
49609581,2016-01-13T23:41:35Z,2019-01-03T10:15:08Z,PowerShell,PowerShell,C#,12077,12077,1955,48467
15008072,2013-12-07T15:43:33Z,2019-01-03T09:51:20Z,quick-look-plugins,sindresorhus,,12059,12059,435,4671
61872036,2016-06-24T09:06:16Z,2019-01-03T11:57:56Z,dva,dvajs,JavaScript,12041,12041,2108,880
108395495,2017-10-26T10:13:21Z,2019-01-03T07:16:24Z,charts,frappe,JavaScript,12040,12040,474,4996
99761907,2017-08-09T03:37:15Z,2019-01-03T09:40:55Z,react-beautiful-dnd,atlassian,JavaScript,12037,12037,594,7233
20818126,2014-06-13T21:19:18Z,2019-01-03T11:03:47Z,ExoPlayer,google,Java,12035,12035,3676,80833
51994692,2016-02-18T09:09:53Z,2019-01-03T09:19:17Z,electronic-wechat,geeeeeeeeek,JavaScript,12026,12026,2091,1114
53639099,2016-03-11T04:19:18Z,2019-01-03T11:37:28Z,the-super-tiny-compiler,jamiebuilds,JavaScript,12024,12024,1020,26
743723,2010-06-27T20:29:33Z,2019-01-03T10:41:35Z,store.js,marcuswestin,JavaScript,12022,12022,1228,485
96246170,2017-07-04T19:03:31Z,2019-01-03T11:44:35Z,apollo,ApolloAuto,C++,12020,12020,3529,604087
96641209,2017-07-08T20:01:38Z,2019-01-03T11:52:07Z,API-Security-Checklist,shieldfy,,12017,12017,1134,273
3112748,2012-01-05T19:48:55Z,2019-01-03T07:58:07Z,games,leereilly,,12005,12005,1602,510
94367677,2017-06-14T19:50:59Z,2019-01-03T11:54:52Z,formik,jaredpalmer,TypeScript,11983,11983,682,3222
84476389,2017-03-09T18:41:17Z,2019-01-03T11:34:38Z,react-loadable,jamiebuilds,JavaScript,11954,11954,547,250
69164196,2016-09-25T12:54:40Z,2019-01-03T10:49:51Z,prisma,prisma,Scala,11953,11953,696,160756
501326,2010-02-03T21:08:14Z,2019-01-02T11:33:54Z,requirejs,requirejs,JavaScript,11952,11952,2267,14737
58157629,2016-05-05T20:10:40Z,2019-01-03T11:30:11Z,magenta,tensorflow,Python,11940,11940,2293,27860
2430537,2011-09-21T15:16:20Z,2019-01-03T11:09:59Z,grunt,gruntjs,JavaScript,11912,11912,1544,2672
21065473,2014-06-21T09:56:48Z,2019-01-03T09:30:58Z,js-must-watch,bolshchikov,,11899,11899,850,83
4524181,2012-06-01T20:49:04Z,2019-01-03T11:56:55Z,folly,facebook,C++,11876,11876,2909,21989
1103607,2010-11-22T21:21:23Z,2019-01-03T10:56:37Z,jenkins,jenkinsci,Java,11872,11872,5046,110358
40508605,2015-08-10T22:09:16Z,2019-01-03T12:01:32Z,relay,facebook,JavaScript,11872,11872,1162,25000
2889328,2011-12-01T07:05:17Z,2019-01-03T08:43:50Z,WordPress,WordPress,PHP,11858,11858,7208,210740
2281775,2011-08-28T02:25:27Z,2019-01-03T09:19:37Z,WebViewJavascriptBridge,marcuswestin,Objective-C,11836,11836,2529,514
5344375,2012-08-08T16:25:52Z,2019-01-03T07:46:45Z,textmate,textmate,Objective-C++,11831,11831,1739,18251
16852060,2014-02-14T23:05:17Z,2019-01-03T10:44:08Z,wiki,ethereum,,11827,11827,2004,3791
12143585,2013-08-15T20:51:34Z,2019-01-02T20:23:12Z,Snap.svg,adobe-webplatform,JavaScript,11816,11816,1062,3627
138547797,2018-06-25T05:33:03Z,2019-01-03T11:55:33Z,mkcert,FiloSottile,Go,11808,11808,413,1744
15315789,2013-12-19T15:49:32Z,2019-01-03T11:28:42Z,Wox,Wox-launcher,C#,11801,11801,1197,29830
37829238,2015-06-21T22:47:58Z,2019-01-03T04:58:48Z,Hack,source-foundry,Shell,11795,11795,409,106634
21467110,2014-07-03T15:15:40Z,2019-01-03T11:17:48Z,spaCy,explosion,Python,11773,11773,1958,99099
27574418,2014-12-05T04:31:17Z,2019-01-03T10:21:11Z,nerd-fonts,ryanoasis,CSS,11761,11761,697,3895555
5133949,2012-07-21T13:49:59Z,2019-01-03T11:49:03Z,swoole-src,swoole,C,11758,11758,2477,29810
22282353,2014-07-26T09:01:09Z,2019-01-03T07:34:44Z,Chameleon,viccalexander,Objective-C,11746,11746,1137,11765
942903,2010-09-27T15:47:23Z,2019-01-02T09:07:57Z,forever,foreverjs,JavaScript,11736,11736,883,1370
30384844,2015-02-05T23:46:30Z,2019-01-03T05:15:48Z,react-canvas,Flipboard,JavaScript,11722,11722,920,102
13855476,2013-10-25T08:31:38Z,2019-01-03T10:08:24Z,gorm,jinzhu,Go,11712,11712,1330,4698
38377423,2015-07-01T15:00:58Z,2019-01-03T07:36:39Z,deepdream,google,,11707,11707,2966,1416
89187780,2017-04-24T02:06:06Z,2019-01-03T10:43:38Z,front-end-guide,grab,JavaScript,11705,11705,841,4192
76222419,2016-12-12T04:39:54Z,2019-01-03T12:03:38Z,mars,Tencent,C++,11700,11700,2274,171657
1136075,2010-12-03T19:03:44Z,2019-01-03T08:56:24Z,iscroll,cubiq,JavaScript,11689,11689,3475,1586
569041,2010-03-18T22:32:22Z,2019-01-03T10:53:11Z,curl,curl,C,11681,11681,2721,58518
712530,2010-06-09T22:24:38Z,2019-01-03T10:02:11Z,fabric.js,fabricjs,JavaScript,11660,11660,1914,120474
929845,2010-09-22T06:16:55Z,2019-01-03T07:24:52Z,sass,sass,Ruby,11647,11647,1935,13290
24579238,2014-09-29T03:52:07Z,2019-01-03T10:12:00Z,vue-devtools,vuejs,JavaScript,11647,11647,1658,7129
20787122,2014-06-13T00:23:00Z,2019-01-03T08:42:54Z,postgrest,PostgREST,Haskell,11645,11645,522,2629
11075527,2013-06-30T18:49:56Z,2019-01-03T08:28:47Z,vim-airline,vim-airline,Vim script,11643,11643,831,2658
71576450,2016-10-21T15:13:18Z,2019-01-03T09:34:41Z,guetzli,google,C++,11641,11641,964,472
13233158,2013-10-01T02:40:31Z,2019-01-03T11:36:26Z,obs-studio,obsproject,C,11637,11637,2492,27477
23689830,2014-09-05T04:06:39Z,2019-01-03T11:46:10Z,docker_practice,yeasy,Dockerfile,11629,11629,3491,12898
53266139,2016-03-06T17:06:07Z,2019-01-03T12:08:51Z,Boostnote,BoostIO,JavaScript,11612,11612,1038,15310
7827081,2013-01-25T19:42:32Z,2019-01-03T07:41:19Z,predictionio,apache,Scala,11611,11611,1908,36270
30675533,2015-02-11T23:34:54Z,2019-01-03T08:19:34Z,fonts,google,HTML,11605,11605,1819,471201
58842707,2016-05-15T03:42:48Z,2019-01-03T09:43:03Z,algo,trailofbits,Python,11601,11601,978,2276
40808571,2015-08-16T09:48:33Z,2019-01-03T10:01:48Z,gotty,yudai,Go,11591,11591,743,6484
83516498,2017-03-01T05:43:35Z,2019-01-03T10:15:55Z,pytudes,norvig,Jupyter Notebook,11588,11588,1324,20991
32531480,2015-03-19T15:57:47Z,2019-01-03T10:12:24Z,js-cookie,js-cookie,JavaScript,11583,11583,1547,499
37931301,2015-06-23T16:39:21Z,2019-01-03T10:48:49Z,react-redux-universal-hot-example,erikras,JavaScript,11571,11571,2583,7031
5604798,2012-08-29T18:31:57Z,2019-01-02T09:52:10Z,selectize.js,selectize,JavaScript,11558,11558,3065,2659
72495579,2016-11-01T02:13:26Z,2019-01-03T11:36:58Z,gitea,go-gitea,Go,11556,11556,1212,125290
17829481,2014-03-17T13:49:17Z,2019-01-03T11:15:37Z,data,fivethirtyeight,Jupyter Notebook,11551,11551,5247,76494
4279682,2012-05-10T03:00:55Z,2019-01-03T12:11:36Z,fish-shell,fish-shell,Shell,11535,11535,1024,47103
37153337,2015-06-09T19:25:38Z,2019-01-03T11:26:19Z,react-native-web,necolas,JavaScript,11522,11522,926,23798
12512833,2013-08-31T23:04:51Z,2019-01-03T11:35:31Z,solved-by-flexbox,philipwalton,JavaScript,11501,11501,953,1549
10219106,2013-05-22T12:15:47Z,2019-01-03T09:45:56Z,mean,linnovate,TypeScript,11494,11494,3525,8178
21125024,2014-06-23T12:14:21Z,2019-01-03T10:09:36Z,husky,typicode,JavaScript,11476,11476,409,1036
20619036,2014-06-08T15:02:55Z,2019-01-03T12:09:57Z,pi-hole,pi-hole,Shell,11468,11468,886,4330
78186814,2017-01-06T08:00:06Z,2019-01-03T10:19:55Z,incubator-weex,apache,JavaScript,11463,11463,1521,230810
1337658,2011-02-07T12:41:33Z,2019-01-02T04:39:36Z,Respond,scottjehl,JavaScript,11452,11452,3699,321
21561301,2014-07-07T07:37:07Z,2019-01-03T11:08:59Z,BaiduExporter,acgotaku,JavaScript,11449,11449,1788,5602
714074,2010-06-10T18:34:24Z,2019-01-03T08:20:47Z,pouchdb,pouchdb,JavaScript,11444,11444,1150,118943
1538210,2011-03-28T19:23:04Z,2019-01-03T01:15:54Z,SVProgressHUD,SVProgressHUD,Objective-C,11424,11424,2291,1070
78664391,2017-01-11T17:54:30Z,2019-01-03T03:56:23Z,create-react-native-app,react-community,JavaScript,11404,11404,1229,651
32866454,2015-03-25T13:32:06Z,2019-01-03T08:50:25Z,nuklear,vurtun,C,11402,11402,832,11883
24420506,2014-09-24T15:24:30Z,2019-01-03T11:36:31Z,v8,v8,C++,11399,11399,2259,848902
80945428,2017-02-04T20:12:52Z,2019-01-03T11:03:02Z,nest,nestjs,TypeScript,11384,11384,727,5879
478584,2010-01-19T06:55:19Z,2019-01-03T07:45:16Z,jsdom,jsdom,JavaScript,11365,11365,1060,21888
51863547,2016-02-16T19:48:39Z,2019-01-03T12:02:04Z,handson-ml,ageron,Jupyter Notebook,11346,11346,6007,84523
62615465,2016-07-05T07:30:42Z,2019-01-03T07:29:41Z,You-Dont-Need-JavaScript,you-dont-need,CSS,11343,11343,669,7052
90528830,2017-05-07T11:45:27Z,2019-01-03T12:01:04Z,awesome-flutter,Solido,Dart,11340,11340,1243,890
42586612,2015-09-16T12:47:27Z,2019-01-03T08:55:04Z,openface,cmusatyalab,Lua,11332,11332,2736,24492
3744545,2012-03-17T01:11:40Z,2019-01-03T08:42:25Z,bootstrap-datepicker,uxsolutions,JavaScript,11328,11328,5184,4749
13926404,2013-10-28T13:19:39Z,2019-01-03T09:41:50Z,redash,getredash,Python,11323,11323,1811,12856
17575535,2014-03-09T22:40:07Z,2019-01-03T08:40:02Z,chartist-js,gionkunz,JavaScript,11316,11316,2292,11964
5724990,2012-09-08T02:56:20Z,2019-01-03T10:57:25Z,Carbon,briannesbitt,PHP,11308,11308,1042,4760
90792131,2017-05-09T21:09:14Z,2019-01-03T11:25:02Z,android-architecture-components,googlesamples,Kotlin,11306,11306,3017,2592
184460,2009-04-24T11:31:24Z,2019-01-03T09:34:38Z,celery,celery,Python,11304,11304,3050,28208
80472665,2017-01-30T23:02:00Z,2019-01-03T09:27:37Z,best-resume-ever,salomonelli,Vue,11298,11298,1408,32777
12226786,2013-08-19T20:24:24Z,2019-01-03T12:02:19Z,sharp,lovell,JavaScript,11279,11279,630,33168
70202506,2016-10-07T00:04:51Z,2019-01-03T07:19:23Z,dep,golang,Go,11272,11272,891,12393
99234994,2017-08-03T13:22:43Z,2019-01-03T03:16:14Z,design-blocks,froala,HTML,11270,11270,915,358199
51071818,2016-02-04T11:32:08Z,2019-01-03T09:01:11Z,diff-so-fancy,so-fancy,Perl,11264,11264,229,346
12044132,2013-08-11T23:18:28Z,2019-01-03T09:39:53Z,bitcoinbook,bitcoinbook,Python,11253,11253,3224,44078
11133743,2013-07-02T19:57:06Z,2019-01-03T11:07:13Z,Effeckt.css,h5bp,CSS,11237,11237,1534,3896
75642389,2016-12-05T16:04:09Z,2019-01-03T11:42:16Z,material-components-web,material-components,JavaScript,11235,11235,1380,73254
14812739,2013-11-30T00:29:56Z,2019-01-03T12:04:10Z,libuv,libuv,C,11215,11215,1835,13823
32157172,2015-03-13T13:24:56Z,2019-01-03T10:27:03Z,gfwlist,gfwlist,,11211,11211,2191,66244
19757917,2014-05-13T22:22:18Z,2019-01-03T09:30:33Z,vivus,maxwellito,JavaScript,11210,11210,941,373
8257106,2013-02-17T21:40:44Z,2019-01-03T07:32:01Z,JSQMessagesViewController,jessesquires,Objective-C,11204,11204,2870,20414
61421257,2016-06-18T06:53:23Z,2019-01-03T09:05:38Z,egg,eggjs,JavaScript,11202,11202,1126,50600
18666758,2014-04-11T07:59:16Z,2019-01-03T11:57:36Z,darknet,pjreddie,C,11193,11193,6164,6273
38588153,2015-07-05T23:33:49Z,2019-01-03T12:04:09Z,awesome-redux,xgrommx,,11188,11188,1015,608
36256540,2015-05-25T21:54:47Z,2019-01-03T03:55:13Z,css-modules,css-modules,,11174,11174,362,43
2203645,2011-08-14T00:10:53Z,2019-01-03T11:35:38Z,CocoaPods,CocoaPods,Ruby,11169,11169,2010,57470
5683364,2012-09-05T06:24:59Z,2019-01-02T06:04:24Z,Mantle,Mantle,Objective-C,11156,11156,1465,1497
2139017,2011-08-01T20:51:48Z,2019-01-03T05:18:43Z,rbenv,rbenv,Shell,11155,11155,1016,524
5101823,2012-07-18T21:01:40Z,2019-01-01T15:27:09Z,dashing,Shopify,JavaScript,11143,11143,1243,2543
4008931,2012-04-12T20:22:50Z,2019-01-03T12:10:01Z,hosts,StevenBlack,Python,11142,11142,1000,92596
16005410,2014-01-17T16:44:46Z,2019-01-03T03:16:14Z,CircleImageView,hdodenhof,Java,11128,11128,2601,971
4598984,2012-06-08T15:32:30Z,2019-01-03T10:20:58Z,SwitchyOmega,FelisCatus,CoffeeScript,11127,11127,1861,1892
2888818,2011-12-01T05:02:34Z,2019-01-03T12:05:18Z,scala,scala,Scala,11126,11126,2622,110351
4839957,2012-06-30T05:14:23Z,2019-01-03T11:53:53Z,SlidingMenu,jfeinstein10,Java,11123,11123,5446,32085
134017286,2018-05-19T00:53:06Z,2019-01-03T11:52:54Z,lazygit,jesseduffield,Go,11116,11116,358,9664
69662720,2016-09-30T11:53:17Z,2019-01-03T10:47:12Z,WaveFunctionCollapse,mxgmn,C#,11105,11105,522,536
18503721,2014-04-07T01:37:37Z,2019-01-03T10:41:38Z,yoga,facebook,C++,11095,11095,846,25858
1790564,2011-05-23T22:38:58Z,2019-01-03T07:26:53Z,handsontable,handsontable,JavaScript,11085,11085,2122,72022
130464961,2018-04-21T10:52:23Z,2019-01-03T11:44:21Z,bat,sharkdp,Rust,11070,11070,202,8473
50134307,2016-01-21T20:23:15Z,2019-01-03T10:31:38Z,es6-cheatsheet,DrkSephy,JavaScript,11059,11059,835,159
1579809,2011-04-06T23:23:43Z,2019-01-02T11:58:26Z,iCarousel,nicklockwood,Objective-C,11058,11058,2491,3896
59720190,2016-05-26T04:38:22Z,2019-01-03T10:11:12Z,sanic,huge-success,Python,11045,11045,1055,1848
12104024,2013-08-14T08:33:55Z,2019-01-03T12:08:18Z,go,datasciencemasters,,11045,11045,4689,1298
19953044,2014-05-19T18:33:01Z,2019-01-03T07:48:00Z,flatbuffers,google,C++,11039,11039,1752,7990
40511756,2015-08-10T23:52:45Z,2019-01-03T08:42:25Z,flatpickr,flatpickr,TypeScript,11024,11024,856,5720
107119649,2017-10-16T11:41:48Z,2019-01-03T11:02:55Z,Screenshot-to-code,emilwallner,Jupyter Notebook,11019,11019,1046,51623
11855195,2013-08-03T00:20:12Z,2019-01-03T11:02:55Z,chalk,chalk,JavaScript,11018,11018,403,655
5508088,2012-08-22T10:41:43Z,2019-01-03T08:22:54Z,svgo,svg,JavaScript,11018,11018,818,1422
13862381,2013-10-25T14:08:10Z,2019-01-03T09:51:07Z,Telegram,DrKLO,Java,11007,11007,4376,154130
20446799,2014-06-03T14:50:31Z,2019-01-03T03:30:03Z,DZNEmptyDataSet,dzenbot,Objective-C,11007,11007,1605,12101
40013435,2015-07-31T16:07:03Z,2019-01-03T09:16:31Z,redux-form,erikras,JavaScript,11001,11001,1412,7693
31288958,2015-02-25T00:15:59Z,2019-01-03T08:36:54Z,vault,hashicorp,Go,10983,10983,1676,74988
5405654,2012-08-13T22:36:09Z,2019-01-03T11:57:33Z,learnGitBranching,pcottle,JavaScript,10971,10971,2641,53142
56315715,2016-04-15T11:37:23Z,2019-01-03T10:51:09Z,NativeBase,GeekyAnts,JavaScript,10970,10970,1280,19899
122838124,2018-02-25T13:22:25Z,2019-01-03T11:51:09Z,30-seconds-of-css,30-seconds,HTML,10959,10959,623,2173
3282,2008-03-10T07:34:08Z,2019-01-02T21:32:21Z,nerdtree,scrooloose,Vim script,10957,10957,1067,1426
15953199,2014-01-16T00:21:17Z,2019-01-03T09:56:09Z,youmightnotneedjquery,HubSpot,HTML,10948,10948,425,342
35810174,2015-05-18T09:54:57Z,2019-01-03T11:38:34Z,electron-react-boilerplate,electron-react-boilerplate,JavaScript,10945,10945,1813,8496
47561138,2015-12-07T15:35:12Z,2019-01-03T06:09:28Z,jstips,loverajoel,,10938,10938,692,5438
3374332,2012-02-07T04:31:56Z,2019-01-03T05:49:56Z,bootswatch,thomaspark,JavaScript,10905,10905,3075,46980
189840,2009-05-01T01:14:24Z,2019-01-03T10:39:15Z,fabric,fabric,Python,10891,10891,1676,18898
39013909,2015-07-13T13:33:08Z,2019-01-03T12:04:23Z,redux-thunk,reduxjs,JavaScript,10890,10890,557,124
10536180,2013-06-06T20:48:17Z,2019-01-03T10:16:59Z,AngularJS-Learning,jmcunningham,,10889,10889,2228,1125
2626751,2011-10-22T16:15:14Z,2019-01-03T09:20:13Z,greenDAO,greenrobot,Java,10887,10887,2696,7167
2340549,2011-09-07T09:24:08Z,2019-01-02T21:10:28Z,playframework,playframework,Scala,10885,10885,3682,92388
1549138,2011-03-31T02:38:39Z,2019-01-03T11:07:19Z,CocoaLumberjack,CocoaLumberjack,Objective-C,10883,10883,1902,4382
92287968,2017-05-24T12:06:56Z,2019-01-03T06:31:25Z,cheatsheets-ai,kailashahirwar,,10871,10871,2537,28314
137583435,2018-06-16T13:40:50Z,2019-01-03T11:48:06Z,react-developer-roadmap,adam-golab,JavaScript,10863,10863,951,12714
85225942,2017-03-16T17:51:51Z,2019-01-02T21:21:21Z,Become-A-Full-Stack-Web-Developer,bmorelli25,,10856,10856,1725,79
28723659,2015-01-02T19:28:35Z,2019-01-03T11:00:45Z,awesome-deep-learning,ChristosChristofidis,,10854,10854,3269,351
65219131,2016-08-08T16:09:17Z,2019-01-03T12:05:27Z,learn-anything,learn-anything,JavaScript,10848,10848,696,56047
23301468,2014-08-25T04:09:33Z,2019-01-03T05:45:45Z,AndroidSwipeLayout,daimajia,Java,10844,10844,2610,399
104337773,2017-09-21T11:08:23Z,2019-01-03T10:59:33Z,chinese-independent-developer,1c7,,10839,10839,1026,572
2990192,2011-12-15T20:01:12Z,2019-01-02T21:40:19Z,Signal-Android,signalapp,Java,10834,10834,2828,160835
35732214,2015-05-16T16:59:31Z,2019-01-03T09:51:09Z,SwiftLint,realm,Swift,10824,10824,1094,8648
138312,2009-02-26T16:14:04Z,2019-01-03T11:13:41Z,capistrano,capistrano,Ruby,10804,10804,1689,4182
7833168,2013-01-26T04:00:59Z,2019-01-03T12:10:06Z,kibana,elastic,JavaScript,10791,10791,4207,525408
18405734,2014-04-03T14:21:19Z,2019-01-02T16:37:43Z,smartcrop.js,jwagner,JavaScript,10790,10790,530,21892
8989842,2013-03-24T17:18:38Z,2019-01-03T12:06:08Z,the-way-to-go_ZH_CN,Unknwon,Go,10787,10787,3368,11191
54994103,2016-03-29T17:00:47Z,2019-01-03T09:29:25Z,popper.js,FezVrasta,JavaScript,10784,10784,708,4944
801795,2010-07-27T23:58:18Z,2019-01-03T03:37:13Z,MagicalRecord,magicalpanda,Objective-C,10783,10783,1868,8005
908893,2010-09-14T02:05:09Z,2019-01-03T09:48:23Z,node_redis,NodeRedis,JavaScript,10782,10782,1265,2147
1053270,2010-11-05T04:44:12Z,2019-01-03T09:11:28Z,fig-standards,php-fig,,10780,10780,2751,2885
29900673,2015-01-27T06:25:41Z,2019-01-03T10:07:01Z,htaccess,phanan,,10773,10773,1115,207
34275705,2015-04-20T17:35:19Z,2019-01-03T06:51:10Z,redox,redox-os,Shell,10760,10760,709,6610
43640830,2015-10-04T15:22:01Z,2019-01-03T06:53:50Z,react-native-macos,ptmt,JavaScript,10759,10759,451,84391
17804584,2014-03-16T17:25:43Z,2019-01-03T10:40:42Z,java8-tutorial,winterbe,Java,10756,10756,2456,157
20773773,2014-06-12T16:00:38Z,2019-01-03T11:44:08Z,bazel,bazelbuild,Java,10750,10750,1718,526418
80990461,2017-02-05T12:11:23Z,2019-01-03T09:27:14Z,ML-From-Scratch,eriklindernoren,Python,10748,10748,1759,543
30092893,2015-01-30T22:10:02Z,2019-01-03T11:50:20Z,coreclr,dotnet,C#,10748,10748,2559,301443
102973646,2017-09-09T17:43:36Z,2019-01-03T12:08:45Z,fastai,fastai,Jupyter Notebook,10744,10744,3889,352845
36674234,2015-06-01T16:41:04Z,2019-01-03T08:29:49Z,material-theme,equinusocio,Python,10744,10744,775,18241
27835638,2014-12-10T19:22:29Z,2019-01-03T10:02:29Z,framework,aurelia,JavaScript,10740,10740,642,1883
36205608,2015-05-25T02:37:22Z,2019-01-03T02:31:57Z,JSPatch,bang590,Objective-C,10719,10719,2202,7890
45936895,2015-11-10T20:00:16Z,2019-01-03T12:10:22Z,wp-calypso,Automattic,JavaScript,10714,10714,1524,129103
11530283,2013-07-19T14:59:46Z,2019-01-03T03:50:01Z,JSVerbalExpressions,VerbalExpressions,JavaScript,10709,10709,474,874
5888353,2012-09-20T15:06:38Z,2019-01-03T10:04:05Z,luigi,spotify,Python,10703,10703,1813,9773
2826918,2011-11-22T10:25:54Z,2019-01-03T08:58:16Z,CocoaAsyncSocket,robbiehanson,Objective-C,10677,10677,2650,2132
2211243,2011-08-15T18:06:16Z,2019-01-03T11:31:39Z,kafka,apache,Java,10667,10667,5868,77444
18440563,2014-04-04T13:54:37Z,2019-01-03T11:03:40Z,PromiseKit,mxcl,Swift,10660,10660,998,3956
4702560,2012-06-18T15:30:27Z,2019-01-03T10:23:19Z,PHPExcel,PHPOffice,PHP,10652,10652,3650,22024
23062124,2014-08-18T07:14:41Z,2019-01-03T09:22:03Z,mui,dcloudio,JavaScript,10652,10652,5606,8032
434430,2009-12-13T20:59:18Z,2019-01-02T14:53:38Z,vim-pathogen,tpope,Vim script,10649,10649,1153,96
2945088,2011-12-09T04:10:26Z,2019-01-03T08:57:35Z,revel,revel,Go,10634,10634,1292,2682
48610662,2015-12-26T12:56:33Z,2019-01-03T12:05:12Z,acme.sh,Neilpang,Shell,10630,10630,1344,3192
41215439,2015-08-22T16:21:53Z,2019-01-02T17:49:36Z,Material,CosmicMind,Swift,10625,10625,1149,33906
29703871,2015-01-22T22:34:10Z,2019-01-03T06:07:58Z,stetho,facebook,Java,10616,10616,970,2169
3116751,2012-01-06T08:48:03Z,2019-01-03T07:42:32Z,androidannotations,androidannotations,Java,10610,10610,2461,22039
27388642,2014-12-01T16:37:39Z,2019-01-03T06:28:51Z,homebridge,nfarina,JavaScript,10607,10607,1306,1685
2163263,2011-08-06T00:35:39Z,2019-01-03T09:08:27Z,hapi,hapijs,JavaScript,10603,10603,1091,12798
478996,2010-01-19T14:40:34Z,2019-01-02T16:26:07Z,jquery-ui,jquery,JavaScript,10595,10595,4950,26513
128237146,2018-04-05T16:58:38Z,2019-01-03T11:31:45Z,vuepress,vuejs,JavaScript,10592,10592,1344,5521
40345658,2015-08-07T06:50:27Z,2019-01-03T05:11:37Z,recharts,recharts,JavaScript,10588,10588,809,5385
29078997,2015-01-11T02:39:03Z,2019-01-03T11:00:14Z,roslyn,dotnet,C#,10585,10585,2503,517389
11892946,2013-08-05T07:51:08Z,2019-01-03T11:26:26Z,RedisDesktopManager,uglide,C++,10575,10575,1649,73688
49020217,2016-01-04T20:10:18Z,2019-01-03T09:28:29Z,react-howto,petehunt,,10574,10574,734,192
38342221,2015-07-01T01:26:56Z,2019-01-03T12:09:25Z,graphql,facebook,Shell,10565,10565,657,2151
33538019,2015-04-07T11:01:23Z,2019-01-03T00:47:46Z,awesome-ios-ui,cjwirth,,10553,10553,1323,144858
7544081,2013-01-10T16:09:24Z,2019-01-02T09:11:11Z,Magnific-Popup,dimsemenov,JavaScript,10552,10552,2903,1873
768345,2010-07-11T01:58:03Z,2019-01-03T11:37:36Z,spectacle,eczarny,Objective-C,10552,10552,576,12707
96689748,2017-07-09T14:30:51Z,2019-01-03T09:44:26Z,pell,jaredreich,JavaScript,10536,10536,498,1198
13030144,2013-09-23T08:08:53Z,2019-01-03T00:52:28Z,ScrollMagic,janpaepke,JavaScript,10530,10530,1694,4241
9754983,2013-04-29T18:26:36Z,2019-01-03T11:34:41Z,tutorials,eugenp,Java,10530,10530,15672,114249
126147399,2018-03-21T08:33:48Z,2019-01-03T09:27:36Z,ReLaXed,RelaxedJS,JavaScript,10525,10525,362,802
89247811,2017-04-24T14:06:31Z,2019-01-03T11:55:24Z,openpose,CMU-Perceptual-Computing-Lab,C++,10522,10522,2874,84262
31929346,2015-03-10T00:04:35Z,2019-01-03T06:14:57Z,android-UniversalMusicPlayer,googlesamples,Kotlin,10512,10512,3250,8200
53127403,2016-03-04T10:24:23Z,2019-01-03T10:31:02Z,apollo,ctripcorp,Java,10509,10509,3743,44108
32610336,2015-03-20T22:30:12Z,2019-01-03T11:48:53Z,logger,orhanobut,Java,10495,10495,1722,1875
1272424,2011-01-19T21:17:36Z,2019-01-03T05:06:08Z,nodemailer,nodemailer,JavaScript,10490,10490,943,9629
1223029,2011-01-05T14:53:19Z,2019-01-03T07:01:58Z,n,tj,Shell,10484,10484,568,3004
103749180,2017-09-16T12:07:05Z,2019-01-03T10:38:43Z,cosmos,OpenGenus,Jupyter Notebook,10482,10482,2487,36262
80233816,2017-01-27T18:24:50Z,2019-01-03T09:02:48Z,lottie-react-native,react-native-community,Java,10470,10470,924,49537
154747577,2018-10-25T22:57:34Z,2019-01-03T12:02:23Z,bert,google-research,Python,10463,10463,1974,203
1554093,2011-04-01T04:01:46Z,2019-01-03T05:46:41Z,iTerm2-Color-Schemes,mbadolato,Python,10457,10457,2943,66355
1274749,2011-01-20T14:10:05Z,2019-01-02T15:20:45Z,history.js,browserstate,JavaScript,10454,10454,1464,3083
51648174,2016-02-13T14:02:12Z,2019-01-03T06:46:11Z,30DaysofSwift,allenwong,Swift,10452,10452,1947,169715
88876034,2017-04-20T14:37:37Z,2019-01-03T10:43:45Z,WeChatPlugin-MacOS,TKkk-iOSer,Objective-C,10452,10452,1364,23770
1548202,2011-03-30T21:18:17Z,2019-01-03T11:33:58Z,matomo,matomo-org,PHP,10451,10451,1681,202611
60711512,2016-06-08T16:09:17Z,2019-01-03T09:59:55Z,LearningNotes,francistao,,10439,10439,3646,655
13527761,2013-10-12T19:35:45Z,2019-01-03T10:08:28Z,browser-sync,BrowserSync,JavaScript,10435,10435,655,7226
33884891,2015-04-13T18:04:58Z,2019-01-03T11:41:06Z,incubator-airflow,apache,Python,10429,10429,3664,29236
2560988,2011-10-12T07:55:46Z,2019-01-02T11:08:19Z,karma,karma-runner,JavaScript,10420,10420,1568,7704
43441403,2015-09-30T15:34:48Z,2019-01-03T11:28:54Z,strapi,strapi,JavaScript,10417,10417,1178,42877
13975314,2013-10-30T02:34:07Z,2019-01-02T06:19:12Z,martini,go-martini,Go,10412,10412,1068,496
28704549,2015-01-02T05:29:32Z,2019-01-03T10:02:30Z,flexbugs,philipwalton,,10406,10406,345,115
1280180,2011-01-21T22:08:29Z,2019-01-03T12:09:34Z,phabricator,phacility,PHP,10400,10400,1329,134984
25659723,2014-10-23T21:58:29Z,2019-01-03T06:05:12Z,dotnet,Microsoft,HTML,10400,10400,1661,2735
59239347,2016-05-19T20:15:28Z,2019-01-03T09:11:41Z,portainer,portainer,HTML,10398,10398,997,21365
38003903,2015-06-24T18:38:28Z,2019-01-03T09:27:36Z,react-redux-starter-kit,davezuko,JavaScript,10395,10395,2404,1190
4814354,2012-06-27T22:32:43Z,2019-01-03T10:55:24Z,LightTable,LightTable,Clojure,10393,10393,891,13202
24976755,2014-10-09T06:36:16Z,2019-01-03T11:44:10Z,HanLP,hankcs,Java,10389,10389,3059,54377
10518659,2013-06-06T04:06:16Z,2019-01-03T05:35:12Z,co,tj,JavaScript,10386,10386,702,437
38565895,2015-07-05T10:58:49Z,2019-01-03T11:17:18Z,redux-devtools,reduxjs,JavaScript,10384,10384,740,2872
17814354,2014-03-17T01:59:39Z,2019-01-03T06:41:55Z,mithril.js,MithrilJS,JavaScript,10375,10375,778,9832
1388245,2011-02-20T03:25:07Z,2019-01-03T03:55:28Z,android-async-http,loopj,Java,10375,10375,4304,2488
58327877,2016-05-08T19:34:15Z,2019-01-03T11:54:42Z,browsh,browsh-org,JavaScript,10366,10366,268,7296
40905762,2015-08-17T15:25:52Z,2019-01-03T11:51:13Z,IntelliJ-IDEA-Tutorial,judasn,,10357,10357,4976,150431
26337322,2014-11-07T20:49:31Z,2019-01-03T09:27:36Z,rancher,rancher,Go,10351,10351,1083,51092
14376285,2013-11-13T21:00:12Z,2019-01-03T04:56:06Z,bitbar,matryer,Objective-C,10350,10350,423,3664
19416551,2014-05-04T01:54:44Z,2019-01-03T10:09:40Z,sqlitebrowser,sqlitebrowser,C++,10343,10343,1210,16214
106995,2009-01-14T01:27:30Z,2019-01-03T11:32:14Z,sinatra,sinatra,Ruby,10338,10338,1843,6391
22765472,2014-08-08T17:16:17Z,2019-01-02T03:48:18Z,dashboards,keen,HTML,10336,10336,1351,2185
508845,2010-02-09T01:14:06Z,2019-01-02T07:33:54Z,RestKit,RestKit,Objective-C,10317,10317,2240,43411
73929422,2016-11-16T14:42:55Z,2019-01-03T10:52:03Z,oni,onivim,TypeScript,10316,10316,318,40110
12080551,2013-08-13T11:45:21Z,2019-01-03T04:29:17Z,vegeta,tsenart,Go,10306,10306,639,1554
8201256,2013-02-14T14:52:55Z,2019-01-03T11:37:43Z,websocketd,joewalnes,Go,10304,10304,632,1019
2744972,2011-11-09T22:32:45Z,2019-01-03T11:36:27Z,ws,websockets,JavaScript,10291,10291,1387,8311
5830987,2012-09-16T16:38:06Z,2019-01-03T09:00:35Z,joi,hapijs,JavaScript,10288,10288,842,3826
63935685,2016-07-22T08:06:02Z,2019-01-03T10:03:15Z,awesome-design,gztchan,,10279,10279,771,193
2609642,2011-10-19T22:45:16Z,2019-01-03T09:10:05Z,feathers,feathersjs,JavaScript,10270,10270,397,6308
331603,2009-10-09T01:09:49Z,2019-01-03T09:38:13Z,vim-fugitive,tpope,Vim script,10265,10265,637,1301
6834703,2012-11-24T00:14:41Z,2019-01-03T06:03:30Z,FizzBuzzEnterpriseEdition,EnterpriseQualityCoding,Java,10244,10244,488,284
137147386,2018-06-13T01:39:33Z,2019-01-03T10:07:11Z,pure-bash-bible,dylanaraps,Shell,10243,10243,569,192
53632140,2016-03-11T02:06:28Z,2019-01-03T11:17:36Z,micro,zyedidia,Go,10240,10240,442,7564
21113349,2014-06-23T03:53:13Z,2019-01-03T09:42:27Z,AndroidViewAnimations,daimajia,Java,10207,10207,2188,288
39840932,2015-07-28T15:07:53Z,2019-01-03T11:17:07Z,googletest,google,C++,10205,10205,4268,5931
72717562,2016-11-03T06:59:15Z,2019-01-03T11:48:52Z,ice,alibaba,JavaScript,10204,10204,1054,125554
312262,2009-09-20T07:08:19Z,2019-01-03T11:55:57Z,vimium,philc,CoffeeScript,10186,10186,1233,5251
4576305,2012-06-06T18:26:16Z,2019-01-03T10:14:59Z,zipkin,openzipkin,Java,10179,10179,1744,43980
15464772,2013-12-27T02:31:51Z,2019-01-02T13:50:28Z,card,jessepollak,CSS,10174,10174,1185,1413
21796955,2014-07-13T18:15:14Z,2019-01-03T03:16:47Z,Design-Patterns-In-Swift,ochococo,Swift,10170,10170,1134,1045
19994257,2014-05-20T19:24:43Z,2019-01-03T10:43:21Z,delve,derekparker,Go,10166,10166,886,19689
21931810,2014-07-17T06:55:48Z,2019-01-03T09:33:36Z,webpack-howto,petehunt,JavaScript,10164,10164,746,469
31829770,2015-03-07T22:25:10Z,2019-01-03T09:45:26Z,angular-starter,gdi2290,JavaScript,10162,10162,5490,4306
9603714,2013-04-22T16:40:10Z,2019-01-03T05:50:21Z,Alcatraz,alcatraz,Objective-C,10157,10157,1243,9153
4084908,2012-04-20T09:18:42Z,2019-01-03T03:16:23Z,realm-java,realm,Java,10153,10153,1609,57403
103645588,2017-09-15T10:34:27Z,2019-01-03T11:08:45Z,iview-admin,iview,Vue,10151,10151,2952,61115
25427817,2014-10-19T13:29:28Z,2019-01-03T12:10:46Z,react-dnd,react-dnd,TypeScript,10143,10143,1215,33991
61527215,2016-06-20T07:53:11Z,2019-01-03T09:27:36Z,react-in-patterns,krasimir,JavaScript,10139,10139,600,129697
10379607,2013-05-30T09:29:07Z,2019-01-03T10:56:47Z,goreplay,buger,Go,10134,10134,954,12170
